name,price
Полка для FRS-51,954
Полка для FRS-75,954
Полка для FRS-93,954
Полка для FRS-127/140/173,954
Сейф FRS-30.CL,17267
Сейф FRS-30.KL,16737
Сейф FRS-30.EL,18857
Сейф FRS-32 CL,18963
Сейф FRS-32 KL,18433
Сейф FRS-32 EL,20553
Сейф FRS-36.СL,20447
Сейф FRS-36.KL,19917
Сейф FRS-36.EL,22037
Сейф FRS-49.СL,22143
Сейф FRS-49.KL,21613
Сейф FRS-49.EL,23733
Сейф FRS-51.CL,23415
Сейф FRS-51.KL,22885
Сейф FRS-51.EL,25005
Сейф FRS-32 CL (old),13663
Сейф FRS-32 KL (old),19387
Сейф FRS-32 EL (old),15253
Сейф FRS-49 CL (old),23309
Сейф FRS-66 T-CL,40481
Сейф FRS-66 T-KL,39951
Сейф FRS-66 T-EL,42071
Сейф FRS-73.T-CL,41647
Сейф FRS-73.T-KL,41117
Сейф FRS-73.T-EL,43237
Сейф FRS-80.T-CL,47901
Сейф FRS-80.T-KL,47371
Сейф FRS-80.T-EL,49491
Сейф FRS-99.T-CL,58395
Сейф FRS-99.T-KL,57865
Сейф FRS-99.T-EL,59985
Сейф FRS-127.T-CL,153053
Сейф FRS-127.T-KL,152523
Сейф FRS-127.T-EL,154643
Сейф FRS-140.T-CL,166409
Сейф FRS-140.T-KL,165879
Сейф FRS-140.T-EL,167999
Сейф FRS-173.T-CL,188669
Сейф FRS-173.T-KL,188139
Сейф FRS-173.T-EL,190259
Сейф FRS-199-KL (FSB-1993.KL),168540
Полка для Garant-46/67,954
Полка для Garant-95,954
Сейф Гарант-32,34450
Сейф Гарант-32.EL,39750
Сейф Гарант-49,34450
Сейф Гарант-49 EL,39750
Сейф Гарант-46,44520
Сейф Гарант-46.EL,49820
Сейф Гарант-67T,55650
Сейф Гарант-67T.EL,60950
Сейф Гарант-95T,77910
Сейф Гарант-95T.EL,83210
Полка Гарант Евро-95,954
Сейф Гарант Евро-46,75260
Сейф Гарант Евро-46.EL,80560
Сейф Гарант Евро-67Т,98580
Сейф Гарант Евро-67Т.EL,103880
Сейф Гарант Евро-95T,119780
Сейф Гарант Евро-95T.EL,125080
Сейф Гарант Евро-120T,168540
Сейф Гарант Евро-120T.EL,173840
Сейф Гарант Евро-133Т,196100
Сейф Гарант Евро-133Т.EL,201400
Сейф Гарант Евро-165Т,227900
Сейф Гарант Евро-165Т.EL,233200
Полка для Garant-133,954
Полка ASM-63-90,636
Полка ASM-120,954
Сейф ASM.25,12497
Сейф ASM.25-CL,14617
Сейф ASM.25-EL,17797
Сейф ASM.28,13875
Сейф ASM.30,15571
Сейф ASM.30-CL,17691
Сейф ASM.30-EL,20871
Сейф ASM.46,18751
Сейф ASM.46-EL,24051
Сейф ASM.63T,24475
Сейф ASM.63T-CL,26595
Сейф ASM.63T-EL,29775
Сейф ASM.90T,32637
Сейф ASM.90T-EL,37937
Сейф ASM.90/2,35605
Сейф ASM.120T,45675
Сейф ASM.120T-CL,47795
Сейф ASM.120T-EL,50975
Сейф ASM.120T/2,55321
Сейф ASM.165T графит,87757
Сейф ASM.165T-EL графит,93057
Сейф ASM.165T,57017
Сейф ASM.63,24475
Сейф ASM.120/2,55321
Сейф T-140 KL,3058
Сейф T-140 EL,4648
Сейф T-170 KL,3270
Сейф T-170 EL,4860
Сейф T-200 KL,4118
Сейф T-200 EL,5708
Сейф T-230 KL,4224
Сейф T-230 EL,5814
Сейф T-250 KL,4542
Сейф T-250 EL,6132
Сейф T-280 KL,5390
Сейф T-280 EL,6980
Сейф T-17,3270
Сейф T-17.EL,4860
Сейф T-23,4224
Сейф T-23.EL,5814
Сейф T-28,5390
Сейф T-28.EL,6980
Сейф T-40,7828
Сейф T-40.EL,9418
Сейф T-170 EL dance,5178
Сейф T-170 EL smile,5178
Сейф T-170 EL paint,5178
Сейф TM.25,9741
Сейф TM.25 EL,10801
Сейф TM.30,10907
Сейф TM.30 EL,11967
Сейф TM.46,13557
Сейф TM.63Т,16313
Сейф TM.63T EL,17373
Сейф TM.90Т,21507
Сейф TM.90T.EL,22567
Сейф TM.120Т,25429
Сейф TM.120T EL,26489
Сейф TM.120Т/2,28185
Сейф TM.120T/2 EL,30305
Полка TSN-65-90,636
Сейф TSN.30,10377
Сейф TSN.30-EL,11649
Сейф TSN.37,11543
Сейф TSN.37-EL,12815
Сейф TSN.50,13239
Сейф TSN.50-EL,14511
Сейф TSN.65T,15359
Сейф TSN.65T-EL,16631
Сейф TSN.90T,19811
Сейф MDTB ES-30.Е,42400
Сейф MDTB ES-46.Е,46640
Сейф MDTB ES-63Т.Е,55120
Полка ASK (46-67),636
Сейф Карат ASK.20,18524
Сейф Карат ASK.25,24354
Сейф Карат ASK.25-EL,29654
Сейф Карат ASK.30,33385
Сейф Карат ASK.30-EL,38685
Сейф Карат ASK.46,39300
Сейф Карат ASK.46-EL,44600
Сейф Карат ASK.67T,52444
Сейф Карат ASK.67T-EL,57744
Сейф Карат ASK.30 new,33385
Сейф Карат ASK.30-EL new,38685
Сейф Карат ASK.46 new,39300
Сейф Карат ASK.46-EL new,44600
Сейф Карат ASK.67T new,52444
Сейф Карат ASK.67-TEL new,57744
Сейф Карат ASK.90T,79050
Сейф Карат ASK.90T-EL,84350
Полка Гранит-165,954
Сейф Бастион-67T,52353
Сейф MDTB EK-22.E,50774
Сейф MDTB EK-28.E,52894
Сейф MDTB EK-67.E,98474
Полка К/Г 46/65/90/120,636
Сейф Гранит-46,45766
Сейф Гранит-46 EL,51066
Сейф Гранит-65T,57744
Сейф Гранит-65T EL,63044
Сейф Гранит-90T,74916
Сейф Гранит-90T EL,80216
Сейф Гранит-90T/2 EL,86576
Сейф Гранит-120T,97388
Сейф Гранит-120T/2,113712
Сейф Гранит-120T/2 EL,119012
Сейф Кварцит.25,21174
Сейф Кварцит.30 EL,30184
Сейф Кварцит.46,29336
Сейф Кварцит.46 EL,33576
Сейф Кварцит.65MT,32622
Сейф Кварцит.65T,39300
Сейф Кварцит.65T EL,43540
Сейф Кварцит.75MT,38558
Сейф Кварцит.90T,46720
Сейф Кварцит.90T EL,50960
Сейф Кварцит.90Т/2,64952
Сейф Кварцит 90T/2 EL,69192
Сейф Кварцит.120T,57320
Сейф Кварцит 120T EL,61560
Сейф Кварцит 120T/2 EL,90074
Сейф Кварцит.120/55T (1200x550x460),91664
Сейф MDTB Bastion-M 1585 2K,313760
Сейф MDTB Bastion-M 1585 EK,313760
Полка сейфовая В/F 39x34,530
Полка сейфовая В/F 56x34,954
Полка сейфовая В/F 73x34,954
Сейф Форт-50,99534
Сейф Форт-50.EL,99534
Сейф Форт-67.KL,122854
Сейф Форт-99.KL,139814
Сейф Форт-99.EL,139814
Сейф Форт-1268.KL,189634
Сейф Форт-1368.KL,228854
Сейф Форт-1668.KL,255354
Сейф Форт-1685.KL,287154
Сейф Форт-1685.EL,287154
Трейзер Форт-0050,4770
Трейзер Форт-0068,5830
Трейзер Форт-0085,5830
Сейф Гранит III-50C,48098
Сейф Гранит III-50,63786
Сейф Гранит III-67C,60076
Сейф Гранит III-67.KL,82866
Сейф Гранит III-99C,70888
Сейф Гранит III-99.KL,99826
Сейф Гранит III-1268.KL,137986
Сейф Гранит III-1368.KL,150070
Сейф Гранит III-1668.KL,168090
Сейф Рубеж-67 KL,189634
Сейф Рубеж-99 KL,223554
Сейф Рубеж-99 EL,223554
Сейф Рубеж-1368 KL,307294
Сейф Рубеж-1668 KL,351814
Сейф Рубеж-1668 EL,351814
Сейф Рубеж-1685 KL,386794
Сейф Рубеж-1685 EL,386794
Сейф Алмаз 67 KL,245814
Сейф Алмаз 1368 EL,386794
Сейф MDTB Fort-M 67 2K,175960
Сейф MDTB Banker-M 1255 2K,404920
Cейф MDTB Burgas-67 2K,382660
Полка для SL,530
Шкаф SL-32,4828
Шкаф SL-32T,5337
Шкаф SL-65T,7086
Шкаф SL-87T,8560
Шкаф SL-125T,10203
Шкаф SL-125/2T,12344
Шкаф SL-150.T,12969
Шкаф SL-150/2T,14464
Шкаф SL-150/3T,16202
Шкаф SL-185,14633
Шкаф SL-185/2,27523
Шкаф SL-185/4,17782
Шкаф SL-65T-EL,8676
Шкаф SL-87T-EL,10150
Шкаф SL-125T-EL,11793
Шкаф SL-125T-EL/2,13934
Шкаф SL-150T-EL,14559
Шкаф SL-150T-EL/2,16054
Шкаф SL-150T-EL/3,17792
Полка BrandMauer-0093 (графит),1060
Шкаф BrandMauer BM-1260.KL графит,73034
Шкаф BrandMauer BM-1260.EL графит,73034
Шкаф BrandMauer BM-1993.KL brown,124640
Шкаф BrandMauer BM-1993.KL графит,110134
Шкаф AMH 1891 (l.grey),59991
Сейф AMH-75T (035T),30952
Сейф AMH-95T (045T),39856
Сейф AMH-65T (132T),26394
Сейф AW 1814,10706
Сейф AW 2714,12402
Сейф AW 3321,16006
Сейф AW-1 2715,17702
Сейф AW-1 3322,23002
Сейф AW-1 3322 EL,28302
Сейф AW-1 3329,23002
Сейф AW-1 3329 EL,28302
Сейф AW-1 3829,26500
Сейф AW-1 3829 EL,31800
Сейф AW-1 3836,30104
Сейф AW-1 3836 EL,35404
Подставка под ПМ,175
Подставка под ПЯ,175
Ложемент резиновый на магните AIKO,186
Ложемент резиновый на магните,583
Сейф TT-170,3270
Сейф TT-170.EL,4860
Сейф TT-200,3821
Сейф TT-200.EL,5411
Сейф TT-23,5252
Сейф TT-23.EL,6842
Сейф TT-28,7563
Сейф TT-28.EL,9153
Сейф Чирок 1015,3662
Сейф Чирок 1018,5560
Сейф Чирок 1018 EL,7680
Сейф Чирок 1020,7447
Сейф Чирок 1025,6779
Сейф Чирок 1312,5888
Сейф Чирок 1318,6005
Сейф Чирок 1318 EL,8125
Сейф Чирок 1320,8676
Сейф Чирок 1325,7892
Сейф Чирок 1328,9662
Сейф Чирок 1328 EL,11782
Сейф Чирок 1409,9853
Сейф Чирок 1436,13658
Сейф Чирок 1443,14188
Сейф Чирок 1462,15513
Сейф Чирок 1520,9429
Сейф Чирок 1528,10563
Сейф Беркут,18195
Сейф Беркут 1,10012
Сейф Беркут 1 EL,11602
Сейф Беркут 2,11443
Сейф Беркут 2 EL,13033
Сейф Беркут 3,14103
Сейф Беркут 3 EL,15693
Сейф Беркут 3 Print,19705
Сейф Беркут 3 У,19658
Сейф Беркут 12,11051
Сейф Беркут 142 KL,18958
Сейф Беркут 143 KL,17177
Сейф Беркут 144 KL,20644
Сейф Беркут 145 KL,21576
Сейф Беркут 146 KL,28286
Сейф Беркут 150 KL,16276
Сейф Беркут 150 EL,17866
Сейф Беркут 150/2 KL,20538
Сейф Беркут 150/2 EL,23718
Сейф Беркут 165 KL,20718
Сейф Беркут 165 EL,22308
Сейф Беркут 165/2 KL,22880
Сейф Беркут 165/2 EL,26060
Сейф Филин 32,30364
Сейф Филин 32 EL,35664
Сейф Филин 33,32282
Сейф Филин 33 EL,37582
Сейф Филин 34,33915
Сейф Филин 34 EL,39215
Сейф Филин 35,37996
Сейф Филин 35 EL,43296
Сейф Филин 1443,33735
Сейф Арсенал 25T,19605
Сейф Арсенал 25T EL,24905
Сейф Арсенал 100T,21513
Сейф Арсенал 100T EL,26813
Сейф Арсенал 130/2,33067
Сейф Арсенал 130/2 EL,43667
Сейф Арсенал 148T,40275
Сейф Арсенал 148/2 EL,55115
Сейф Арсенал 161T,45893
Сейф Арсенал 161T EL,51193
Сейф Арсенал 161/2,50133
Сейф Арсенал,38796
Сейф Арсенал EL,44096
Сейф Заслон,45368
Сейф Заслон EL,50668
Сейф Сафари,49290
Сейф Сафари-ЕL,54590
Сейф Сафари Print,54590
Сейф Сафари-ЕL Print,59890
Сейф Сапсан-4 EL old,76532
Сейф Сапсан-4,71444
Сейф Сапсан-4 EL Print,82044
Сейф Ирбис-5,91690
Сейф Ирбис-8,104410
Сейф Ирбис-8 EL,109710
Сейф Tiger 60,305810
Шкаф армейский ШХО-10ПУ,26065
Шкаф армейский ШХО-10АКМ,51198
Шкаф армейский ШХО-20АКМ,131228
Шкаф армейский ШХО-20 (АКСУ+39ПУ),147435
Шкаф армейский ШХО-170 ПМ (БП),131641
Шкаф армейский ШХО-1445 (БП 2),40375
Шкаф армейский ШХО-1447 (24 Кедр),64331
Шкаф армейский ШХО-1447 (УН),60939
Шкаф армейский ШХО-1865 (77 ПМ),103551
Подставка ШХО-20,2051
Подставка под ПМ универсальная,371
Ложемент Изопол 1 ствол,80
Ложемент Изопол 2 ствола,106
Ложемент Изопол 3 ствола,159
Ложемент на магните Valberg,583
Сейф TD-23,6890
Сейф TD-23.EL,8957
Сейф ASD-19,33379
Сейф ASD-19 EK,43979
Сейф ASD-19 EL,38679
Сейф ASD-32,55597
Сейф ASD-32 EL,60897
Сейф Hotel SH-20.EL,11437
Сейф Hotel SH-23.EL,10271
Сейф Hotel SH-28.EL,11119
Сейф Hotel SH-30.EL,14723
Сейф Hotel SH-20.EL new,9317
Сейф Hotel SH-23.EL new,8151
Сейф Hotel SH-30.EL new,12603
Темпокасса TCS-110,74200
Темпокасса TCS-110 A,74200
Темпокасса TCS-108,61480
Сейф TR-17,14098
Ключница KMS-20,289274
Терминал Biosmart-WTC2,47170
Сейф Gold Арсенал-EL (чёрный),179140
Сейф Gold Арсенал-EL (вишня),179140
Сейф Gold Сафари-EL (чёрный),200340
Сейф Gold Карат ASK-67T.EL (чёрный),196100
Сейф Gold Карат ASK-67T.EL (вишня),196100
Сейф Gold Карат ASK-90T.EL (чёрный),221540
Сейф Gold Гарант-67T.EL (чёрный),179140
Сейф Gold Рубеж 99.EL (красный),677340
Подставка Gold,15900
Сейф Д Заслон EL (дуб),276448
Сейф Д Сафари EL (дуб),300086
Сейф Д Карат-90T EL (дуб),330508
Сейф-термостат медицинский TS-3/12 мод. ASK-30,195559
Сейф-термостат медицинский TS-3/12,248453
Сейф-термостат медицинский TS-3/25,305057
Сейф-термостат медицинский TS-3/25 мод.Fort-M 1385.3,556807
Сейф-термостат медицинский TS-3/50,324561
Сейф-термостат медицинский TS-4/12,281949
Картотека огнестойкая FRF 4K-KK,69854
Картотека огнестойкая FC 4K-KK (7006),114851
Картотека огнестойкая FC 4K-KK,114851
Картотека огнестойкая FC 4E-KK,120681
Камера хранения NLS-00,65614
Камера хранения NLS-08,89496
Камера хранения NLS-12,106244
Камера хранения SLS-00-24,253976
Блок депозитных ячеек DB-24,270406
Блок депозитных ячеек DB-12,150096
Блок депозитных ячеек DB-8,111194
Блок депозитных ячеек DB-6,89570
Блок депозитных ячеек DB-4,68476
Блок депозитных ячеек DB-2,47064
Блок депозитных ячеек DB-6/3,89358
Блок депозитных ячеек DB-24S,279628
Блок депозитных ячеек DB-12S,158894
Блок депозитных ячеек DB-8S,120628
Блок депозитных ячеек DB-6S,98686
Блок депозитных ячеек DB-4S,77486
Блок депозитных ячеек DB-2S,55968
Блок депозитных ячеек DB-6/3S,98262
Блок депозитных ячеек DB-24.DGL,161862
Блок депозитных ячеек DB-12.DGL,94870
Блок депозитных ячеек DB-8.DGL,72080
Блок депозитных ячеек DB-6.DGL,61692
Блок депозитных ячеек DB-4.DGL,49502
Блок депозитных ячеек DB-2.DGL,37418
Блок депозитных ячеек DB-6/3.DGL,61480
Блок депозитных ячеек DB-24S.DGL,170978
Блок депозитных ячеек DB-12S.DGL,103880
Блок депозитных ячеек DB-8S.DGL,81196
Блок депозитных ячеек DB-6S.DGL,70702
Блок депозитных ячеек DB-4S.DGL,58406
Блок депозитных ячеек DB-2S.DGL,46428
Блок депозитных ячеек DB-6/3S.DGL,70490
Блок ячеек DBI-12,41128
Блок ячеек DBI-24,70808
Блок ячеек DBI-36,100594
Кассета депозитная H-140,1495
Депозитный бокс DB-65 (к DB-24),954
Депозитный бокс DB-135 (к DB-12),1113
Депозитный бокс DB-210 (к DB-8),1760
Выдвижной столик DB-T,3710
Цоколь DB-P,3074
Фриз лицевой DB-F,1802
Боковая панель DB-S,1701
Кейс для ячеек 200 мм,1474
Брелок 1/20,127
Ключница KEY-20,2104
Ключница KEY-40,2613
Ключница KEY-60,3260
Ключница KEY-80,4065
Ключница KEY-100,4797
Ключница KEY-200,12142
Ключница KEY-300,18153
Ключница KEY-400,24226
Ключница KEY-600,36385
Ключница KEY-1 FIRE,1436
Ключница KEY-10 G,1765
Ключница KEY-20 G,2973
Ключница KEY-30 G,3715
Ключница KEY-40 G,4383
Ключница KEY-50 G,5051
Ключница KEY-35 EL,7097
Ключница KEY-55 EL,8093
Ключница KEY-75 EL,9609
Ключница KEY-95 EL,10775
Ключница KEY-195 EL,18100
Сейф CB-III-50,42824
Сейф CB-III-67,59996
Сейф CB-III-99,71550
Сейф CB-III-1368,63801
Сейф CB-III-1668,126776
Замок PS-610 FD,7587
Устройство для опечатывания замочных скважин,360
