Группа ТМЦ,Наименование,Артикул
Двери,Замок сувальдный Гардиан 30.01,30701000008
Двери,Замок противопожарный Apecs 2000-Panic-ZN,30702000012
Двери,Цилиндровый механизм с вертушкой A202/80 mm (35+10+35) PB латунь 5 кл.,30704000003
Двери,Цилиндровый механизм с вертушкой 100 ZM 60 mm (25+10+25) CP хром 5 кл.,30704000041
Двери,"Ручка дверная 26D с кв. 130 мм, хром",70500000001
Запчасти,Ручка Н-205R,70501000060
Запчасти,"Накладка под сувальду Antero, овал",70501000061
Запчасти,"Накладка под цилиндр Antero, овал",70501000062
Двери,Ручка-штанга нажимная Apecs PB-1300A-Panic-B/S,70502000058
Двери,Замок врезной цилиндровый Kale 257 w/b (никель),70502000215
Двери,Эксцентрик большой 264.003,70502000311
Двери,Ручка PALIDORE A-230HH/PC,70502000327
Двери,Доводчик дверной Нора-М 430 50-110 серебро,70502000405
Двери,Доводчик дверной Нора-М 440 80-140 серебро,70502000406
Двери,Декоративная накладка под цилиндр ESC 486-C SQ XL (хром) CP-8,70502000446
Двери,Декоративная накладка со шторкой на сувальдный замок ESC 486-S SQ XL (хром) CP-8,70502000447
Двери,Ручка раздельная TOR XL (хром) CP-8,70502000449
Двери,Ручки на планке Avers HP-72.1303-BL (Spring),70502000457
Двери,Цилиндровый механизм с вертушкой A202/90 mm (35+10+45) SN мат. никель 5 кл,70502000501
Двери,"Доводчик дверной морозостойкий 4S мал (до 120 кг), серебро",70502000555
Импорт/Прочее,Тележка WKS-7/72 (01RS3P7),10111100
Импорт/Прочее,Тайник Капитал (blue),1070960100
Импорт/Прочее,Тайник История (red),1070960200
Импорт/Прочее,Кэшбокс CB-9701N (l. grey),S70107970112
Импорт/Прочее,Кэшбокс CB-9703N ( green),S70107970304
Импорт/Прочее,Кэшбокс СВ-9705N (red),S70107970505
Импорт/Прочее,Кэшбокс CB-9707N (blue),S70107970707
Импорт/Прочее,Брелок key tag 1/100,S7020700001
Импорт/Прочее,Почтовый ящик LT-01 (green),S70307000104
Импорт/Прочее,Почтовый ящик LT-02 (black),S70307000201
Импорт/Прочее,Почтовый ящик LTP-01 (green),S70307000604
Импорт/Прочее,Почтовый ящик LTP-02 (brown),S70307000708
Импорт/Прочее,Шкаф для ключей KB-20,S70207002002
Импорт/Прочее,Шкаф для ключей KB-50,S70207005002
Импорт/Прочее,Шкаф для ключей KB-70,S70207007002
Импорт/Прочее,Шкаф для ключей KB-120,S70207012002
Мебель,Папки FP FS (1/50-оранж),20001110
Мебель,Папки FP FS (1/50-син),20001120
Мебель,Папки FP A4 (1/50-оранж),20001210
Мебель,Папки FP A4 (1/50-син),20001220
Запчасти,замок Euro-Lock 0805,50499012000
Двери,Стенд на 4 двери,D000000000000000000010014
Двери,Люк 860x860 R,D000000000000000000010403
Двери,Дверь СПЕЦ BMD-2050/850/L ит ор антик медь,D110430104184114296009600
Двери,Дверь СПЕЦ BMD-2050/850/R ит ор антик медь,D110430104284114296009600
Двери,Дверь СПЕЦ BMD-2050/950/L ит ор антик медь,D110430304184114296009600
Двери,Дверь СПЕЦ BMD-2050/950/R ит ор антик медь,D110430304284114296009600
Двери,Дверь ПРОФИ BMD-2050/850/L антик медь,D110440104184114101009600
Двери,Дверь ПРОФИ BMD-2050/850/R антик медь,D110440104284114101009600
Двери,Дверь ПРОФИ BMD-2050/950/L антик медь,D110440304184114101009600
Двери,Дверь ПРОФИ BMD-2050/950/R антик медь,D110440304284114101009600
Двери,Дверь  ПРОФИ (DL)-2050/1250/ L мет/мет антик медь,D120400504284114101504800
Двери,Дверь  ПРОФИ (DL)-2050/1250/ R мет/мет антик медь,D120400504384114101504800
Двери,Дверь СПЕЦ PRO BMD-2060/860/ L  ит ор антик медь,D110470104184114296004800
Двери,Дверь СПЕЦ PRO BMD-2060/860/ R  ит ор антик медь,D110470104284114296004800
Двери,Дверь СПЕЦ PRO BMD-2060/960/ L  ит ор антик медь,D110470304184114296004800
Двери,Дверь СПЕЦ PRO BMD-2060/960/ R  ит ор антик медь,D110470304284114296004800
Двери,Дверь***** СПЕЦ-2050/850/ L ит ор антик медь,D120420104184114296004800
Двери,Дверь***** СПЕЦ-2050/950/ L  ит ор антик медь,D120420304184114296004800
Двери,Дверь ****СПЕЦ-2050/950/ R  ит ор антик медь,D120420304284114296004800
Двери,Дверь МАСТЕР-2050/850/ L скин ОРИОН( пикар),D130500104184114291009600
Двери,Дверь МАСТЕР-2050/850/ R скин ОРИОН( пикар),D130500104284114291009600
Двери,Дверь МАСТЕР-2050/950/ L скин ОРИОН( пикар),D130500304184114291009600
Двери,Дверь МАСТЕР-2050/950/ R скин ОРИОН( пикар),D130500304284114291009600
Двери,Дверь *****МАСТЕР-2050/950/ R ит ор антик медь,N130500304284114296009600
Двери,Дверь****** МАСТЕР-2050/950/ L ит ор антик медь,N130500304184114296009600
Двери,Дверь ******МАСТЕР-2050/850/ R ит ор антик медь,N130500104284114296009600
Двери,Дверь ***ПРАКТИК-2066/980/R рационалист орех премиум,D23255045628410047303
Двери,Дверь *****ПРАКТИК-2066/880/ L Рационалист(ор пр),D140700258184114473127200
Двери,Дверь *****ПРАКТИК-2066/880/ R Рационалист(ор пр),D140700258284114473127200
Двери,Дверь *****ПРАКТИК-2066/980/ L Рационалист(ор пр),D140700458184114473127200
Двери,Дверь *****ПРАКТИК-2066/980/ R Рационалист(ор пр),D140700458284114473127200
Двери,Дверь ПРАКТИК (МЕТ)-2066/880/ L  мет/мет антик медь,D140710258184114101127200
Двери,Дверь ПРАКТИК (МЕТ)-2066/880/ R мет/мет антик медь,D140710258284114101127200
Двери,Дверь ПРАКТИК (МЕТ)-2066/980/ L  мет/мет антик медь,D140710458184114101127200
Двери,Дверь ПРАКТИК (МЕТ)-2066/980/ R  мет/мет антик медь,D140710458284114101127200
Двери,Дверь ******ДП1-60-2050/950/80 L,D48005030419910010142
Двери,Дверь *****ДПС1-60-2050/850/80 L,S44144526102041
Двери,Дверь ДПС1-60-2050/950/80 R,D48604030429910010141
Двери,Дверь ДПС-1-60-1650/950/L,D410230321102101100000000
Двери,Дверь ДПС-1-60-2050/850/R,D410230104202101100000000
Двери,Дверь ДПС-1-60-2050/950/L,D410230304102101100000000
Двери,Дверь ДПС-1-60-2050/950/R,D410230304202101100000000
Двери,Дверь ДП-1-60-1750/850/R,D410220116202101000000000
Двери,Дверь ДП-1-60-1800/850/R,D410220117202101000000000
Двери,Дверь ДП-1-60-1850/850/R,D410220118202101000000000
Двери,Дверь ДП-1-60-1900/900/L,N410222113102101000000000
Двери,Дверь ДП-1-60-2050/1050/R,N410221804202101000000000
Двери,Дверь ДП-1-60-2050/750/L,D410222204102101000000000
Двери,Дверь ДП-1-60-2050/750/R,D410222204202101000000000
Двери,Дверь ДП-1-60-2050/800/L,N410222004102101000000000
Двери,Дверь ДП-1-60-2050/800/R,N410222004202101000000000
Двери,Дверь ДП-1-60-2050/850/L,D410220104102101000000000
Двери,Дверь ДП-1-60-2050/850/R,D410220104202101000000000
Двери,Дверь ДП-1-60-2050/900/L,N410222104102101000000000
Двери,Дверь ДП-1-60-2050/900/R,N410222104202101000000000
Двери,Дверь ДП-1-60-2050/950/L,D410220304102101000000000
Двери,Дверь ДП-1-60-2050/950/R,D410220304202101000000000
Двери,Дверь ДП-1-60-2050/1000/R,D410221804202101000000000
Двери,Дверь ДП-1-60-2050/1050/L,D410221804102101000000000
Двери,Дверь ДП-1-60-2100/950/L,D410220305102101000000000
Двери,Дверь ДП-1-60-2100/950/R,D410220305202101000000000
Двери,Дверь ДП-2-60-2050/1200/L,N410242404102101000000000
Двери,Дверь ДП-2-60-2050/1200/R,N410242404202101000000000
Двери,Дверь ДП-2-60-2050/1250/L,D410240504102101000200000
Двери,Дверь ДП-2-60-2050/1250/R,D410240504202101000200000
Двери,Дверь ДП-2-60-2050/1300/L,D410240604102101000200000
Двери,Дверь ДП-2-60-2050/1300/R,D410240604202101000200000
Двери,Дверь ДП-2-60-2050/1350/L,D410240704102101000200000
Двери,Дверь ДП-2-60-2050/1350/R,D410240704202101000200000
Двери,Дверь ДП-2-60-2050/1450/R,D410240904202101000100000
Двери,Дверь ДП-2-60-2050/1450/L,N410240904102101000000000
Двери,Дверь ДПС-2-60-2050/1250/R,D410250504202101100200000
Двери,Дверь ДТС-2-2050/1250/L,D400290504102102300200000
Двери,Дверь ДТС-2-2050/1250/R,D400290504202102300200000
Двери,Дверь СОЛОМОН-2066/980/ L  Идея(Е2882) ,D323100458179114660243320
Двери,Дверь СОЛОМОН-2066/980/ R  Идея(Е2882) ,D323100458279114660243320
Двери,"Дверь **СОЛОМОН-2066/980/ R, JM 501, АВЕНЮ чёрный муар",N323100458279301616243320
Двери,Дверь *****СОЛОМОН 6006-2066/880/L ЭЛЕГИЯ ларче,D323120258179104629653320
Двери,Дверь***** СОЛОМОН 6006-2066/880/R ЭЛЕГИЯ ларче,D323120258279104629653320
Двери,Дверь *****СОЛОМОН 6006-2066/980/L ЭЛЕГИЯ ларче,D323120458179104629653320
Двери,Дверь *****СОЛОМОН 6006-2066/980/R ЭЛЕГИЯ ларче,D323120458279104629653320
Двери,Дверь *****СОЛОМОН Элегия-2066/980/L,N323100458179104629243320
Двери,Дверь***** ФЛИП-2066/880/ L  Рефлекс(патина пр)  чёрный муар,D323200258187114475253320
Двери,Дверь****** ФЛИП-2066/880/ R Рефлекс(патина пр)  чёрный муар,D323200258287114475253320
Двери,Дверь ******ФЛИП-2066/980/ L  Рефлекс(патина пр)  чёрный муар,D323200458187114475253320
Двери,Дверь *****ФЛИП-2066/980/ R  Рефлекс(патина пр)  чёрный муар,D323200458287114475253320
Двери,Дверь *****ФЛИП-2066/980/ L рефлекс(венге) чёрный муар,N323200458187114273253320
Двери,Дверь*****ФЛИП-2066/980/ R рефлекс(венге) чёрный муар,N323200458287114273253320
Двери,Дверь *****АККОРД-2050/880/ R Кэпитол ( пикар),D211100204279114294157200
Двери,Дверь *****АККОРД-2050/950/ L Кэпитол (пикар),D211100304179114294157200
Двери,Дверь***** РОНДО IS-2050/880/R гладкая мил орех,S40597561285001
Двери,Дверь РОНДО IS-2050/950/L гладкая мил орех,S40597541185001
Двери,Дверь *****РОНДО 1 IS-2050/950/ L,D211010304385114297004800
Двери,Дверь КВАРТЕТ-2066/1250/ L мет/мет антик медь,N221500558184114101004800
Двери,Дверь КВАРТЕТ-2066/1250/ R  мет/мет антик медь,N221500558284114101004800
Двери,Дверь КВАРТЕТ-2066/1250/ L ит ор антик медь,D221500558184114296004800
Двери,"Дверь***** ФОРТЕ-2066/880/ L ит ор, чёрн муар",D221300258179114296169500
Двери,"Дверь *****ФОРТЕ-2066/880/ R ит ор, чёрн муар",D221300258279114296169500
Двери,"Дверь *****ФОРТЕ-2066/980/ L ит ор, чёрн муар",D221300458179114296169500
Двери,"Дверь***** ФОРТЕ-2066/980/ R ит ор, чёрн муар",D221300458279114296169500
Двери,Дверь *****ФОРТЕ-2066/880/ L скин Орион бел дуб чёрный муар,L221300258179114699169500
Двери,Дверь *****ФОРТЕ-2066/880/ R  скин Орион бел дуб чёрный муар,L221300258279114699169500
Двери,Дверь *****ФОРТЕ-2066/980/ L   скин Орион бел дуб чёрный муар,L221300458179114699169500
Двери,Дверь *****ФОРТЕ-2066/980/ R   скин Орион бел дуб чёрный муар,L221300458279114699169500
Двери,Дверь СЕНАТОР-2066/880/ LКвадро венге/бел дуб,N248860258179469425649120
Двери,Дверь СЕНАТОР-2066/880/ R Квадро венге/бел дуб,N248860258279469425649120
Двери,Дверь СЕНАТОР-2066/980/ L Квадро венге/бел дуб,N248860458179469425649120
Двери,Дверь СЕНАТОР-2066/980/ R Квадро венге/бел дуб,N248860458279469425649120
Двери,Дверь***** СЕНАТОР-S-2066/880/ L Кельт 2(винорит) Кельт(бел дуб),D242000258179493490223320
Двери,Дверь****** СЕНАТОР-S-2066/880/ RКельт 2(винорит) Кельт(бел дуб),D242000258279493490223320
Двери,Дверь *****СЕНАТОР-S-2066/980/ L Кельт 2(винорит) Кельт(бел дуб),D242000458179493490223320
Двери,Дверь *****СЕНАТОР-S-2066/980/ R Кельт 2(винорит) Кельт(бел дуб),D242000458279493490223320
Двери,Дверь ******СЕНАТОР-S-2066/980/ RКельт2(винорит)  Кельт(винорит),N242000458279493246223320
Двери,Дверь *****ДИПЛОМАТ-2066/880/ L Абстракция2 (орех пр) Абстракция 3(яс гор),D242010258179488488283320
Двери,Дверь***** ДИПЛОМАТ-2066/880/ R Абстракция2 (орех пр) Абстракция 3(яс гор),D242010258279488488283320
Двери,Дверь *****ДИПЛОМАТ-2066/980/ L Абстракция2 (орех пр) Абстракция 3(яс гор),D242010458179488488283320
Двери,Дверь***** ДЖАЗ-2066/880/ L орех тёмный,D238890258179124245593320
Двери,Дверь *****ДЖАЗ-2066/980/ L орех тёмный,D238890458179124245593320
Двери,Дверь *****ДЖАЗ-2066/980/ R орех тёмный,D238890458279124245593320
Двери,Дверь СТАЙЛ-2066/880/L белёный дуб (тём матовое),D231310258179304422977700
Двери,Дверь СТАЙЛ-2066/880/R белёный дуб (тем матовое),D231310258279304422977700
Двери,Дверь СТАЙЛ-2066/980/L белёный дуб (тём матовое),D231310458179304422977700
Двери,Дверь СТАЙЛ-2066/980/R белёный дуб (тём матовое),D231310458279304422977700
Двери,Дверь *****СТАЙЛ-2066/880/R белёный дуб (бел матовое),N231310258279304422977700
Двери,Дверь *****СТАЙЛ-2066/880/L венге (бел матовое),N231310258179304446977700
Двери,Дверь***** СТАЙЛ-2066/880/R венге (бел матовое),N231310258279304446977700
Двери,Дверь *****СТАЙЛ-2066/980/L венге (бел матовое),N231310458179304446977700
Двери,Дверь *****СТАЙЛ-2066/980/R венге (бел матовое),N231310458279304446977700
Двери,Дверь ТИТАН-2050/860/ L Ясень белоснежный антик медь,D216660258184114729921900
Двери,Дверь ТИТАН-2050/860/ R Ясень белоснежный антик медь,D216660258284114729921900
Двери,Дверь *****ТЕРМО-2066/880/L антик медь,D251930258184114467711300
Двери,Дверь ТИТАН-2050/960/ L Ясень белоснежный антик медь,D216660458184114729921900
Двери,Дверь ТИТАН-2050/960/ R Ясень белоснежный антик медь,D216660458284114729921900
Двери,Дверь *****ТЕРМО-2066/980/L антик медь,D251930458184114467711300
Двери,Дверь *****ТЕРМО-2066/980/R антик медь,D251930458284114467711300
Двери,Дверь ТИТАН-2050/860/ L мет/мет антик медь,N216660258184114101921900
Двери,Дверь ТИТАН-2050/860/ R мет/мет антик медь,N216660258284114101921900
Двери,Дверь ТИТАН-2050/960/ L мет/мет антик медь,N216660458184114101921900
Двери,Дверь ТИТАН-2050/960/ R мет/мет антик медь,N216660458284114101921900
Двери,Дверь ТИТАН-2050/860/ L Зеркало Графит,N216660258189114756921900
Двери,Дверь ТИТАН-2050/860/ R Зеркало Графит,N216660258289114756921900
Двери,Дверь ТИТАН-2050/960/ L Зеркало Графит,N216660458189114756921900
Двери,Дверь ТИТАН-2050/960/ R Зеркало Графит,N216660458289114756921900
Двери,Дверь ТИТАН-2050/860/ L 5С графит,N216660258189114422921900
Двери,Дверь ТИТАН-2050/860/ R 5С графит,N216660258289114422921900
Двери,Дверь ТИТАН-2050/960/ L 5С графит,N216660458189114422921900
Двери,Дверь ТИТАН-2050/960/ R 5С графит,N216660458289114422921900
Двери,Дверь ТИТАН-2050/860/ L 8С бетон снежный графит,N216660258189114601921900
Двери,Дверь ТИТАН-2050/860/ R 8С бетон снежный графит,N216660258289114601921900
Двери,Дверь ТИТАН-2050/960/ L 8С бетон снежный графит,N216660458189114601921900
Двери,Дверь ТИТАН-2050/960/ R 8С бетон снежный графит,N216660458289114601921900
Двери,Дверь мет. 5С ясень бел.  Мокко (860L),L216660258184304422921900
Двери,Дверь мет. 5С ясень бел.  Мокко (860R),L216660258284304422921900
Двери,Дверь мет. 5С ясень бел.  Мокко (960L),L216660458184304422921900
Двери,Дверь мет. 5С ясень бел.  Мокко (960R),L216660458284304422921900
Двери,"Монтажные "" уши """,D500000000000000000000085
Двери,Стенд***** BMD-830,S40199020002001
Двери,Стенд-*****Книжка на 10 дверей,S40100520102001
Двери,Дверь ПРОФИ PRO BMD-2060/860/ L мет/мет антик медь,D110460104184114101004800
Двери,Дверь ПРОФИ PRO BMD-2060/860/ R мет/мет антик медь,D110460104284114101004800
Двери,Дверь ПРОФИ PRO BMD-2060/960/ L мет/мет антик медь,D110460304184114101004800
Двери,Дверь ПРОФИ PRO BMD-2060/960/ R мет/мет антик медь,D110460304284114101004800
Двери,Дверь ЛИДЕР-2050/950/ R ит ор антик медь,D130610304284114296004800
Двери,Дверь НОВАТОР 2-2050/850/ L Орион бел дуб антик медь,D130620104184114699420100
Двери,Дверь НОВАТОР 2-2050/850/ R Орион бел дуб антик медь,D130620104284114699420100
Двери,Дверь НОВАТОР 2-2050/950/ L Орион бел дуб антик медь,D130620304184114699420100
Двери,Дверь НОВАТОР 2-2050/950/ R Орион бел дуб антик медь,D130620304284114699420100
Двери,Дверь МАРС-2050/860/ L Рационалист Е8924 антик медь,D211230158184114611921600
Двери,Дверь МАРС-2050/860/ R Рационалист Е8924 антик медь,D211230158284114611921600
Двери,Дверь МАРС-2050/960/ L Рационалист Е8924 антик медь,D211230358184114611921600
Двери,Дверь МАРС-2050/960/ R Рационалист Е8924 антик медь,D211230358284114611921600
Двери,Дверь РОНДО 66-1-2066/980/ L  ГОСТ ит ор антик медь,D211040458184114296369600
Двери,Дверь РОНДО 66-1-2066/980/ R  ГОСТ ит ор антик медь,D211040458284114296369600
Двери,Дверь *****РОНДО 1 ГОСТ-2050/950/ L  ит ор антик медь,D211060304384114296004800
Двери,Дверь *****РОНДО 1 ГОСТ-2050/950/ R  ит ор антик медь,D211060304484114296004800
Двери,Дверь***** ПРИМА-2066/880/ L  Дуб коньяк антик медь,D211140258184114701458800
Двери,Дверь *****ПРИМА-2066/880/ R   Дуб коньяк антик медь,D211140258284114701458800
Двери,Дверь *****ПРИМА-2066/980/ L  Дуб коньяк  антик медь,D211140458184114701458800
Двери,Дверь***** ПРИМА-2066/980/ R   Дуб коньяк антик медь,D211140458284114701458800
Двери,Дверь ЛАРГО-2066/880/ L Бел дуб Антик серебряный,D211150258157114637468800
Двери,Дверь ЛАРГО-2066/880/ R Бел дуб Антик серебряный,D211150258257114637468800
Двери,Дверь ЛАРГО-2066/980/ L   Бел дуб Антик серебряный,D211150458157114637468800
Двери,Дверь ЛАРГО-2066/980/ R   Бел дуб Антик серебряный,D211150458257114637468800
Двери,Дверь Рондо 80-2050/880/ R Диагональ антик серебро,D211160258287304207551600
Двери,Дверь ФОРТЕ МП-2066/880/ R   антик серебро 6мм,D221360258284114737161700
Двери,Дверь ФОРТЕ МП-2066/880/ L  антик серебро 6мм,D221360258184114737161700
Двери,Дверь ФОРТЕ МП-2066/980/ L   антик серебро 6мм,D221360458184114737161700
Двери,Дверь ФОРТЕ МП-2066/980/ R   антик серебро 6мм,D221360458284114737161700
Двери,Дверь РЕФЛЕКТ-2066/880/ L бел дуб чёрный муар,D232050258179114756971700
Двери,Дверь РЕФЛЕКТ-2066/880/ R бел дуб чёрный муар,D232050258279114756971700
Двери,Дверь РЕФЛЕКТ-2066/980/ L бел дуб чёрный муар,D232050458179114756971700
Двери,Дверь РЕФЛЕКТ-2066/980/ R бел дуб чёрный муар,D232050458279114756971700
Двери,Дверь***** ДЖАЗ 100-2050/880/ L МОККО,D238900258187901901639900
Двери,Дверь *****ДЖАЗ 100-2050/880/ R МОККО,D238900258287901901639900
Двери,Дверь *****ДЖАЗ 100-2050/980/ L МОККО,D238900458187901901639900
Двери,Дверь***** ДЖАЗ 100-2050/980/ R МОККО,D238900458287901901639900
Двери,Дверь ******БИЗОН-2066/880/ R венге антик медь,D242020258284114467491500
Двери,Дверь *****Бизон-2066/880/ L венге антик медь,D242040258184114237491700
Двери,Дверь***** Бизон-2066/880/ R венге антик медь,D242040258284114237491700
Двери,Дверь***** Бизон-2066/980/ L венге антик медь,D242040458184114237491700
Двери,Дверь***** Бизон-2066/980/ R венге антик медь,D242040458284114237491700
Двери,Дверь *****ЛОФТ 100-2050/880/ L  MOCCO,D243020204153804817631500
Двери,Дверь *****ЛОФТ 100-2050/880/ R   MOCCO,D243020204253804817631500
Двери,Дверь *****ЛОФТ 100-2050/980/ L   MOCCO,D243020404153804817631500
Двери,Дверь *****ЛОФТ 100-2050/980/ R   MOCCO,D243020404253804817631500
Двери,Дверь BMD ДП-1 EIS-60 ОМЕГА-2066/980/ L,D243030458153201262911500
Двери,Дверь НОРД-2050/880/ L Шале снежный антик медь,D243150258157114702476900
Двери,Дверь НОРД-2050/880/ R Шале снежный антик медь,D243150258257114702476900
Двери,Дверь НОРД-2050/980/ L Шале снежный антик медь,D243150458157114702476900
Двери,Дверь НОРД-2050/980/ R Шале снежный антик медь,D243150458257114702476900
Двери,Дверь ВИНТЕР 100-2050/880/ L  Дуб шале морёный,D251970204184104767681700
Двери,Дверь ВИНТЕР 100-2050/880/ R  Дуб шале морёный,D251970204284104767681700
Двери,Дверь ВИНТЕР 100-2050/980/ L  Дуб шале морёный,D251970404184104767681700
Двери,Дверь ВИНТЕР 100-2050/980/ R  Дуб шале морёный,D251970404284104767681700
Двери,Дверь***** ВИНТЕР 2050/880/ L мет/мет Антик серебряный,D251980204157114101031700
Двери,Дверь *****ВИНТЕР 2050/880/ R  мет/мет Антик серебряный,D251980204257114101031700
Двери,Дверь *****ВИНТЕР 2050/980/ L  мет/мет Антик серебряный,D251980404157114101031700
Двери,Дверь****** ВИНТЕР 2050/980/ R  мет/мет Антик серебряный,D251980404257114101031700
Двери,Дверь *****ВЕРОНА-2066/880/ L,D313000258187604679231020
Двери,Дверь***** ВЕРОНА-2066/880/ R,D313000258287604679231020
Двери,Дверь***** ВЕРОНА-2066/980/ L,D313000458187604679231020
Двери,Дверь *****ВЕРОНА-2066/980/ R,D313000458287604679231020
Двери,Дверь ВЕНЕРА100-2050/880/ L  MOCCO,D314030204153801646779900
Двери,Дверь ВЕНЕРА100-2050/880/ R  MOCCO,D314030204253801646779900
Двери,Дверь ВЕНЕРА100-2050/980/ L  MOCCO,D314030404153801646779900
Двери,Дверь ВЕНЕРА100-2050/980/ R  MOCCO,D314030404253801646779900
Двери,Дверь *****Соломон АВЕНЮ-2066/880/ L  чёрный муар венге,D323130258179301616243320
Двери,Дверь *****Соломон АВЕНЮ-2066/880/ R   чёрный муар венге,D323130258279301616243320
Двери,Дверь ****Соломон АВЕНЮ-2066/980/ L   чёрный муар венге,D323130458179301616243320
Двери,Дверь ДТ-2-2050/1500/L,D400261004102102000000000
Двери,Дверь ДТ-2-2050/1500/R,D400261004202102000000000
Двери,Дверь ДТ-1-2000/1000/R,D400261703202102000000000
Двери,Дверь ДТ-1-2200/1000/R,D400261707202102000000000
Двери,Люк ЛМП-1-60-800/1000/R,D400261731285102000000000
Двери,Дверь ДТ-1-2050/1050/L,D400261804102102000000000
Двери,Дверь ДТ-1-2050/1050/R,D400261804202102000000000
Двери,Дверь ДТ-1-1300/800/L,D400262051102102000000000
Двери,Дверь ДТ-1-2200/900/R,D400262107202102000000000
Двери,Дверь ДТ-1-1550/750/R,D400262219202102000000000
Двери,Дверь ДТ-1-2100/1150/L,D400262305102102000000000
Двери,Дверь ДТ-1-1250/500/R,D400262949202112000000000
Двери,Дверь ДТС-1-2050/850/L,D400270104102102100000000
Двери,Дверь ДТС-1-2050/850/R,D400270104202102100000000
Двери,Дверь ДТС-1-2450/1150/L,D400272360102102300000000
Двери,Дверь ДТ-2-2050/1250/R,D400280504202102000200000
Двери,Дверь ДТ-2-1950/1350/R,D400280702202102000100000
Двери,Дверь ДТ-2-2100/1450/R,D400280905202102000100000
Двери,Дверь ДТС-2-2700/1450/L,D400290965102102100100000
Двери,Дверь ДТС-2-2700/1450/R,D400290965202102100100000
Двери,Дверь ДП-1-60-1300/1000/L,D410221751102112000000000
Двери,Дверь ДП-1-60-2150/1050/R,D410221806202102000000000
Двери,Дверь ДП-1-60-2100/800/L,D410222005102102000000000
Двери,Дверь ДП-1-60-2150/800/L,D410222006102102000000000
Двери,Дверь ДП-1-60-2000/900/L,D410222103102101000000000
Двери,Дверь ДП-1-60-2100/900/L,D410222105102102000000000
Двери,Дверь ДП-1-60-2100/900/R,D410222105202102000000000
Двери,Дверь ДП-1-60-2150/900/L,D410222106102102000000000
Двери,Дверь ДП-1-60-2150/900/R,D410222106202102000000000
Двери,Дверь ДП-1-60-1600/900/L,D410222120102002000000000
Двери,Люк ЛМП-1-60-900/900/R,D410222135202102000000000
Двери,Люк ЛМП-1-60-1300/900/L,D410222151102102000000000
Двери,Дверь ДП-1-60-1500/900/R,D410222159202102000000000
Двери,Люк ЛМП-1-60-550/750/L,D410222223102002000000000
Двери,Дверь ДП-1-60-2100/700/R,D410222505202102000000000
Двери,Дверь ДП-1-60-1400/700/L,D410222555102102000000000
Двери,Дверь ДП-1-60-1400/700/R,D410222555202102000000000
Двери,Дверь ДП-1-60-2000/650/L,D410222603102102000000000
Двери,Дверь ДП-1-60-1400/650/R,D410222655202102000000000
Двери,Дверь ДПС-2-60-2200/1400/R,D410230807202102100000000
Двери,Дверь ДП-2-60-2250/1300/R,D410240608202102000100000
Двери,Дверь ДП-2-60-2150/1350/R,D410240706202102000100000
Двери,Дверь ДП-2-60-2050/1400/R,D410240804202102000100000
Двери,Дверь ДП-2-60-2300/1450/L,D410240909102102000100000
Двери,Дверь ДП-2-60-2050/1500/L,D410241004102102000100000
Двери,Дверь ДП-2-60-2050/1500/R,D410241004202102000100000
Двери,Дверь ДП-2-60-2250/1500/L,D410241008102102000100000
Двери,Дверь ДП-2-60-2250/1500/R,D410241008202102000100000
Двери,Дверь ДП-2-60-2300/1500/L,D410241009102102000100000
Двери,Дверь ДП-2-60-2350/1500/L,D410241010102102000100000
Двери,Дверь ДП-2-60-2350/1500/R,D410241010202102000100000
Двери,Дверь ДП-2-60-2400/1500/R,D410241011202102000100000
Двери,Дверь ДП-2-60-2300/1650/R,D410241309202102000100000
Двери,Дверь ДП-2-60-2050/1800/R,D410241604202102000100000
Двери,Дверь ДП-2-60-2050/1200/R,D410242404202102000200000
Двери,Дверь ДП-2-60-2150/1200/R,D410242406202102000100000
Корпусная мебель,Столешница брифинга NT 80х60х2.5 вяз натуральный,S37599051082
Корпусная мебель,Опора брифинга NT антрацит,S37199110615
Корпусная мебель,Столешница NT 120х70х2.5 белое дерево,S37599031231
Корпусная мебель,Столешница NT 140х70х2.5 белое дерево,S37599031431
Корпусная мебель,Столешница NT 120х70х2.5 темный орех,S37599031233
Двери,Дверь *****ПРАКТИК-2066/880/ L 5С Дуб Гальяно антик медь,N140700258184114711127200
Двери,Дверь****** ПРАКТИК-2066/880/ R 5С Дуб Гальяно антик медь,N140700258284114711127200
Двери,Дверь *****ПРАКТИК-2066/980/ L 5С Дуб Гальяно антик медь,N140700458184114711127200
Двери,Дверь *****ПРАКТИК-2066/980/ R 5С Дуб Гальяно антик медь,N140700458284114711127200
Двери,Дверь *****СИТИ2-2066/980/ R скин ОРИОН (пикар) антик медь,N140750458284114291604500
Двери,Дверь *****СИТИ2-2066/880/ R скин ОРИОН (пикар) антик медь,N140750258284114291604500
Двери,Дверь *****СИТИ2-2066/880/ L скин ОРИОН (пикар) антик медь,N140750258184114291604500
Двери,Дверь***** СИТИ2-2066/980/ L скин ОРИОН (пикар) антик медь,N140750458184114291604500
Двери,Дверь *****ПРИМА-2066/880/ L Дуб крем антик медь,N211140258184114692458800
Двери,Дверь *****ПРИМА-2066/880/ R   Дуб крем антик медь,N211140258284114692458800
Двери,Дверь *****ПРИМА-2066/980/ L   Дуб крем антик медь,N211140458184114692458800
Двери,Дверь*****ПРИМА-2066/980/ R Дуб крем антик медь,N211140458284114692458800
Двери,Дверь***** ПРИМА-2066/880/ L Белый ясень антик медь,N211140258184114846458800
Двери,Дверь*****ПРИМА-2066/880/ R Белый ясень антик медь,N211140258284114846458800
Двери,Дверь ФОРТЕ-2066/880/ R СИМПЛ 8924 чёрный муар,N221300258279114729169500
Двери,Дверь ФОРТЕ-2066/880/ L СИМПЛ  8924 чёрный муар,N221300258179114729169500
Двери,Дверь ФОРТЕ-2066/980/ L СИМПЛ 8924 чёрный муар,N221300458179114729169500
Двери,Дверь ФОРТЕ-2066/980/ R СИМПЛ 8924 чёрный муар,N221300458279114729169500
Двери,Дверь *****ФОРТЕ-2066/880/ R СИМПЛ ор пр чёрный муар,N221300258279114737169500
Двери,Дверь *****ФОРТЕ-2066/980/ L СИМПЛ ор пр чёрный муар,N221300458179114737169500
Двери,Дверь *****ФОРТЕ-2066/980/ R СИМПЛ ор пр  чёрный муар,N221300458279114737169500
Двери,Дверь ГЕРМЕС-2066/980/ L Антик серебряный Дуб шале графит,N221300458157114816161500
Двери,Дверь ГЕРМЕС-2066/980/ R Антик серебряный Дуб шале графит,N221300458257114816161500
Двери,Дверь ГЕРМЕС-2050/860/ L Антик серебряный Дуб шале графит,N231370104157114816271500
Двери,Дверь ГЕРМЕС-2050/860/ R Антик серебряный Дуб шале графит,N231370104257114816271500
Двери,Дверь *****ЛАРГО-2066/880/ L Венге Антик серебряный,N211150258157114492468800
Двери,Дверь *****ЛАРГО-2066/880/ R Венге Антик серебряный,N211150258257114492468800
Двери,Дверь *****ЛАРГО-2066/980/ L   Венге Антик серебряный,N211150458157114492468800
Двери,Дверь *****ЛАРГО-2066/980/ R   Венге Антик серебряный,N211150458257114492468800
Двери,Дверь*****ЛЕГЕНДА-2066/980/ L   Антик серебряный Ларче,N221300458157114856169500
Двери,Дверь *****ЛЕГЕНДА-2066/980/ R   Антик серебряный Ларче,N221300458257114856169500
Двери,Дверь *****ЛЕГЕНДА-2050/860/ L  Антик серебряный  Ларче,N231370104157114856271500
Двери,Дверь *****ЛЕГЕНДА-2050/860/ R   Антик серебряный Ларче,N231370104257114856271500
Двери,Дверь ЭЛЕГИЯ 100-2050/880/R  Ларче  MOCCO,N242070203253104629521500
Двери,Дверь ЭЛЕГИЯ 100-2050/880/ L  Ларче MOCCO,N242070204153104629521500
Двери,Дверь ЭЛЕГИЯ 100-2050/980/ L  Ларче MOCCO,N242070404153104629521500
Двери,Дверь ЭЛЕГИЯ 100-2050/980/ R  Ларче MOCCO,N242070404253104629521500
Двери,Дверь *****ПРАГМАТИК-2066/880/ L Лиственница светлая чёрный муар,N231310258179112779977700
Двери,Дверь *****ПРАГМАТИК-2066/880/ R Лиственница светлая  чёрный муар,N231310258279112779977700
Двери,Дверь***** ПРАГМАТИК-2066/980/ L Лиственница светлая  чёрный муар,N231310458179112779977700
Двери,Дверь***** ПРАГМАТИК-2066/980/ R Лиственница светлая чёрный муар,N231310458279112779977700
Двери,Дверь *****ГРАНД-2066/880/ L  Дуб седой,N231310258179304716977700
Двери,Дверь***** ГРАНД-2066/980/ L   Дуб седой,N231310458179304716977700
Двери,Дверь***** ГРАНД-2066/880/ R   Дуб седой,N231310258279304716977700
Двери,Дверь *****ГРАНД-2066/980/ R   Дуб седой,N231310458279304716977700
Двери,Дверь *****МЕГА-2066/880/ L Дуб шале морёный,N242020258184112767491500
Двери,Дверь *****МЕГА-2066/880/ R Дуб шале морёный,N242020258284112767491500
Двери,Дверь ***** МЕГА-2066/980/ L Дуб шале морёный,N242020458184112767491500
Двери,Дверь *****МЕГА-2066/980/ R Дуб шале морёный,N242020458284112767491500
Двери,Дверь ****** ДИПЛОМАТ 100-2050/880/ L Кедр венге/арктик,N243020204153488488631500
Двери,Дверь *****ДИПЛОМАТ 100-2050/880/ R Кедр венге/арктик,N243020204253488488631500
Двери,Дверь *****ДИПЛОМАТ 100-2050/980/ L Кедр венге/арктик,N243020404153488488631500
Двери,Дверь ***** ДИПЛОМАТ 100-2050/980/ R Кедр венге/арктик,N243020404253488488631500
Двери,Дверь ВЕРОНА 100-2050/880/ L   MOCCO,N243020204153604679631500
Двери,Дверь ВЕРОНА 100-2050/880/ R   MOCCO,N243020204253604679631500
Двери,Дверь ВЕРОНА 100-2050/980/ L   MOCCO,N243020404153604679631500
Двери,Дверь ВЕРОНА 100-2050/980/ R   MOCCO,N243020404253604679631500
Двери,Дверь НОРД-2050/880/ L мет/мет,N243150258157114101476900
Двери,Дверь НОРД-2050/880/ R мет/мет,N243150258257114101476900
Двери,Дверь НОРД-2050/980/ L мет/мет,N243150458157114101476900
Двери,Дверь НОРД-2050/980/ R мет/мет,N243150458257114101476900
Двери,Дверь *******ВИНТЕР-2066/880/ L дуб белёный,N251950258184108792711700
Двери,Дверь ********ВИНТЕР-2066/980/ L дуб белёный,N251950458184108792711700
Двери,Дверь ВИНТЕР 100-2050/880/ L Дуб белёный,N251970204184104792681700
Двери,Дверь ВИНТЕР 100-2050/880/ R Дуб белёный,N251970204284104792681700
Двери,Дверь ВИНТЕР 100-2050/980/ L Дуб белёный,N251970404184104792681700
Двери,Дверь ВИНТЕР 100-2050/980/ R Дуб белёный,N251970404284104792681700
Двери,Дверь *******ВИНТЕР-2066/880/ R дуб белёный,N251950258284108792711700
Двери,Дверь******** ВИНТЕР-2066/980/ R дуб белёный,N251950458284108792711700
Двери,Дверь***** ПРЕМЬЕР 6006-2066/880/ L BRANDY,N323120258179104802653320
Двери,Дверь***** ПРЕМЬЕР 6006-2066/980/ R BRANDY,N323120458279104802653320
Двери,Дверь *****ПРЕМЬЕР 6006-2066/980/ L PERLA,N323120458179104801653320
Двери,Дверь *****Соломон АВЕНЮ-2066/880/ L чёрный муар Е8924,N323130258179301404243320
Двери,Дверь *****СОЛОМОН 6006-2066/980/ R Элегия венге,N323120458279104722653320
Двери,Люк ЛМП-1-60-500/1300/L,N410220624102102000000000
Сейфы,Полка для FRS-51,S10199100440
Сейфы,Полка для FRS-75,S10199100540
Сейфы,Полка для FRS-93,S10199100740
Сейфы,Полка для FRS-127/140/173,S10199100840
Сейфы,Сейф FRS-30.CL,S10199010140
Сейфы,Сейф FRS-30.KL,S10199010240
Сейфы,Сейф FRS-30.EL,S10199010440
Сейфы,Сейф FRS-32 CL,S10199010540
Сейфы,Сейф FRS-32 KL,S10199010640
Сейфы,Сейф FRS-32 EL,S10199010940
Сейфы,Сейф FRS-36.KL,S10199020240
Сейфы,Сейф FRS-36.EL,S10199020440
Сейфы,Сейф FRS-49.СL,S10199030140
Сейфы,Сейф FRS-49.KL,S10199030240
Сейфы,Сейф FRS-49.EL,S10199030440
Сейфы,Сейф FRS-51.CL,S10199040140
Сейфы,Сейф FRS-51.KL,S10199040240
Сейфы,Сейф FRS-51.EL,S10199040440
Сейфы,Сейф FRS-32 CL (old),S10199120140
Сейфы,Сейф FRS-32 EL (old),S10199120440
Сейфы,Сейф FRS-66 T-CL,S10199150140
Сейфы,Сейф FRS-66 T-KL,S10199150340
Сейфы,Сейф FRS-66 T-EL,S10199150440
Сейфы,Сейф FRS-73.T-CL,S10199150640
Сейфы,Сейф FRS-73.T-KL,S10199150840
Сейфы,Сейф FRS-73.T-EL,S10199150940
Сейфы,Сейф FRS-80.T-KL,S10199160840
Сейфы,Сейф FRS-80.T-EL,S10199160940
Сейфы,Сейф FRS-99.T-CL,S10199170640
Сейфы,Сейф FRS-99.T-KL,S10199170840
Сейфы,Сейф FRS-99.T-EL,S10199170940
Сейфы,Сейф FRS-127.T-CL,S10199180640
Сейфы,Сейф FRS-127.T-KL,S10199180840
Сейфы,Сейф FRS-127.T-EL,S10199180940
Сейфы,Сейф FRS-140.T-CL,S10199190640
Сейфы,Сейф FRS-173.T-KL,S10199200840
Сейфы,Сейф FRS-173.T-EL,S10199200940
Сейфы,Полка для Garant-46/67,S10299000114
Сейфы,Полка для Garant-95,S10299000314
Сейфы,Сейф Гарант-32,S10299020014
Сейфы,Сейф Гарант-32.EL,S10299020414
Сейфы,Сейф Гарант-49,S10299040014
Сейфы,Сейф Гарант-46,S10499240014
Сейфы,Сейф Гарант-46.EL,S10499240414
Сейфы,Сейф Гарант-67T,S10499260514
Сейфы,Сейф Гарант-67T.EL,S10499260914
Сейфы,Сейф Гарант-95T,S10499293514
Сейфы,Сейф Гарант-95T.EL,S10499295914
Сейфы,Сейф Гарант Евро-46.EL,S10299210414
Сейфы,Сейф Гарант Евро-67Т,S10299220514
Сейфы,Сейф Гарант Евро-67Т.EL,S10299220914
Сейфы,Сейф Гарант Евро-95T.EL,S10299230914
Сейфы,Сейф Гарант Евро-120T.EL,S10299235914
Сейфы,Полка ASM-63-90,S10399000240
Сейфы,Сейф ASM.25,S10399010140
Сейфы,Сейф ASM.25-CL,S10399010340
Сейфы,Сейф ASM.25-EL,S10399010940
Сейфы,Сейф ASM.28,S10399020140
Сейфы,Сейф ASM.30,S10399030140
Сейфы,Сейф ASM.30-CL,S10399030340
Сейфы,Сейф ASM.30-EL,S10399030940
Сейфы,Сейф ASM.46,S10399040140
Сейфы,Сейф ASM.46-EL,S10399040940
Сейфы,Сейф ASM.63T,S10399060540
Сейфы,Сейф ASM.63T-CL,S10399060840
Сейфы,Сейф ASM.63T-EL,S10399060940
Сейфы,Сейф ASM.90T,S10399090540
Сейфы,Сейф ASM.90T-EL,S10399090940
Сейфы,Сейф ASM.90/2,S10399100140
Сейфы,Сейф ASM.120T,S10399120540
Сейфы,Сейф ASM.120T-CL,S10399120740
Сейфы,Сейф ASM.120T-EL,S10399120940
Сейфы,Сейф ASM.120T/2,S10399130540
Сейфы,Сейф ASM.165T-EL графит,S10399781544
Сейфы,Сейф ASM.165T,S10399150540
Сейфы,Сейф T-140 KL,S10399210114
Сейфы,Сейф T-140 EL,S10399210214
Сейфы,Сейф T-170 KL,S10399210514
Сейфы,Сейф T-170 EL,S10399210614
Сейфы,Сейф T-200 KL,S10399211114
Сейфы,Сейф T-200 EL,S10399211214
Сейфы,Сейф T-230 KL,S10399211514
Сейфы,Сейф T-230 EL,S10399211614
Сейфы,Сейф T-250 KL,S10399212114
Сейфы,Сейф T-250 EL,S10399212214
Сейфы,Сейф T-280 KL,S10399212314
Сейфы,Сейф T-280 EL,S10399212414
Сейфы,Сейф T-17,S10399250114
Сейфы,Сейф T-17.EL,S10399250414
Сейфы,Сейф T-23,S10399260114
Сейфы,Сейф T-23.EL,S10399260414
Сейфы,Сейф T-28,S10399270114
Сейфы,Сейф T-28.EL,S10399270414
Сейфы,Сейф T-40,S10399280114
Сейфы,Сейф T-40.EL,S10399280414
Сейфы,Сейф T-170 EL dance,S10399290261
Сейфы,Сейф T-170 EL smile,S10399290262
Сейфы,Сейф T-170 EL paint,S10399290263
Сейфы,Сейф TM.25,S10399410141
Сейфы,Сейф TM.25 EL,S10399410441
Сейфы,Сейф TM.30,S10399430141
Сейфы,Сейф TM.30 EL,S10399430441
Сейфы,Сейф TM.46,S10999440140
Сейфы,Сейф TM.63Т,S10399450541
Сейфы,Сейф TM.63T EL,S10399450941
Сейфы,Сейф TM.90Т,S10399460541
Сейфы,Сейф TM.90T.EL,S10399460941
Сейфы,Сейф TM.120Т,S10399480541
Сейфы,Сейф TM.120T EL,S10399480941
Сейфы,Сейф TM.120Т/2,S10399490541
Сейфы,Полка TSN-65-90,S10399500100
Сейфы,Сейф TSN.30,S10399510014
Сейфы,Сейф TSN.30-EL,S10399560414
Сейфы,Сейф TSN.37,S10399520014
Сейфы,Сейф TSN.37-EL,S10399520414
Сейфы,Сейф TSN.50,S10399530014
Сейфы,Сейф TSN.50-EL,S10399530414
Сейфы,Сейф TSN.65T,S10399540514
Сейфы,Сейф TSN.65T-EL,S10399540914
Сейфы,Сейф TSN.90T,S10399560514
Сейфы,Сейф MDTB ES-30.Е,S10399630407
Сейфы,Сейф MDTB ES-46.Е,S10399640407
Сейфы,Сейф MDTB ES-63Т.Е,S10399660407
Сейфы,Полка ASK (46-67),S10499000240
Сейфы,Сейф Карат ASK.20,S10499000140
Сейфы,Сейф Карат ASK.25,S10499010140
Сейфы,Сейф Карат ASK.25-EL,S10499010440
Сейфы,Сейф Карат ASK.30,S10499030140
Сейфы,Сейф Карат ASK.30-EL,S10499030940
Сейфы,Сейф Карат ASK.46,S10499040040
Сейфы,Сейф Карат ASK.46-EL,S10499040440
Сейфы,Сейф Карат ASK.67T,S10499060140
Сейфы,Сейф Карат ASK.67T-EL,S10499060940
Сейфы,Сейф Карат ASK.30 new,S10499103040
Сейфы,Сейф Карат ASK.30-EL new,S10499103440
Сейфы,Сейф Карат ASK.46 new,S10499104040
Сейфы,Сейф Карат ASK.46-EL new,S10499104440
Сейфы,Сейф Карат ASK.67T new,S10499106540
Сейфы,Сейф Карат ASK.67-TEL new,S10499106940
Сейфы,Сейф MDTB EK-22.E,S10499141407
Сейфы,Сейф MDTB EK-28.E,S10499142407
Сейфы,Полка К/Г 46/65/90/120,S10499200114
Сейфы,Сейф Гранит-46,S10499230016
Сейфы,Сейф Гранит-46 EL,S10499230416
Сейфы,Сейф Гранит-65T,S10499240516
Сейфы,Сейф Гранит-65T EL,S10499240916
Сейфы,Сейф Гранит-90T,S10499260516
Сейфы,Сейф Гранит-90T EL,S10499260916
Сейфы,Сейф Гранит-120T,S10499270516
Сейфы,Сейф Кварцит.25,S10499300014
Сейфы,Сейф Кварцит.30 EL,S10499320414
Сейфы,Сейф Кварцит.46,S10499330014
Сейфы,Сейф Кварцит.46 EL,S10499330414
Сейфы,Сейф Кварцит.65MT,S10499340114
Сейфы,Сейф Кварцит.65T,S10499340514
Сейфы,Сейф Кварцит.65T EL,S10499340914
Сейфы,Сейф Кварцит.75MT,S10499350114
Сейфы,Сейф Кварцит.90T,S10499360514
Сейфы,Сейф Кварцит.90T EL,S10499360914
Сейфы,Сейф Кварцит 120T EL,S10499370914
Сейфы,Сейф Кварцит.120/55T (1200x550x460),S10499371500
Сейфы,Полка сейфовая В/F 39x34,S10499390214
Сейфы,Полка сейфовая В/F 56x34,S10499390414
Сейфы,Сейф Форт-50.EL,S10699010414
Сейфы,Сейф Форт-67.KL,S10699020314
Сейфы,Сейф Форт-99.KL,S10699030314
Сейфы,Сейф Форт-1668.KL,S10699060314
Сейфы,Сейф Гранит III-50,S10699110314
Сейфы,Сейф Гранит III-67C,S10699120214
Сейфы,Сейф Гранит III-67.KL,S10699120314
Сейфы,Сейф Гранит III-99C,S10699130214
Сейфы,Сейф Гранит III-99.KL,S10699130314
Сейфы,Сейф Гранит III-1268.KL,S10699135314
Сейфы,Сейф Гранит III-1368.KL,S10699140314
Сейфы,Сейф Рубеж-99 KL,S10699230314
Сейфы,Сейф Алмаз 1368 EL,S10699340414
Сейфы,Полка для SL,S10799000202
Сейфы,Шкаф SL-32,S10799030002
Сейфы,Шкаф SL-32T,S10799030502
Сейфы,Шкаф SL-65T,S10799060502
Сейфы,Шкаф SL-87T,S10799090502
Сейфы,Шкаф SL-125T,S10799130502
Сейфы,Шкаф SL-125/2T,S10799132502
Сейфы,Шкаф SL-150.T,S10799150502
Сейфы,Шкаф SL-150/2T,S10799152502
Сейфы,Шкаф SL-150/3T,S10799153502
Сейфы,Шкаф SL-185,S10799180502
Сейфы,Шкаф SL-185/2,S10799182002
Сейфы,Шкаф SL-185/4,S10799182502
Сейфы,Шкаф SL-65T-EL,S10799060902
Сейфы,Шкаф SL-87T-EL,S10799090902
Сейфы,Шкаф SL-125T-EL,S10799130902
Сейфы,Шкаф SL-125T-EL/2,S10799132902
Сейфы,Шкаф SL-150T-EL,S10799150902
Сейфы,Шкаф SL-150T-EL/2,S10799152902
Сейфы,Шкаф SL-150T-EL/3,S10799153902
Сейфы,Полка BrandMauer-0093 (графит),S10899001040
Сейфы,Шкаф BrandMauer BM-1260.KL графит,S10899102343
Сейфы,Шкаф BrandMauer BM-1260.EL графит,S10899102443
Сейфы,Шкаф BrandMauer BM-1993.KL графит,S10899105343
Сейфы,Шкаф AMH 1891 (l.grey),S20599180101
Сейфы,Сейф AMH-75T (035T),S10899125014
Сейфы,Сейф AMH-95T (045T),S10899126014
Сейфы,Сейф AW 1814,S11199010101
Сейфы,Сейф AW 2714,S11199050101
Сейфы,Сейф AW 3321,S11199140101
Сейфы,Сейф AW-1 2715,S11199310101
Сейфы,Сейф AW-1 3329,S11199420101
Сейфы,Сейф AW-1 3329 EL,S11199420901
Сейфы,Сейф AW-1 3829,S11199430101
Сейфы,Сейф AW-1 3829 EL,S11199430901
Сейфы,Сейф AW-1 3836,S11199530101
Сейфы,Сейф AW-1 3836 EL,S11199530901
Сейфы,Подставка под ПМ,S11299429100
Сейфы,Подставка под ПЯ,S11299429400
Запчасти,Зажим резиновый для ружей PVC (ложемент),S11299990110
Сейфы,Ложемент резиновый на магните AIKO,S11299990400
Сейфы,Ложемент резиновый на магните,S11299990500
Сейфы,Сейф TT-170,S11299110514
Сейфы,Сейф TT-170.EL,S11299110914
Сейфы,Сейф TT-200,S11299111014
Сейфы,Сейф TT-200.EL,S11299111414
Сейфы,Сейф TT-23,S11299112014
Сейфы,Сейф TT-23.EL,S11299112414
Сейфы,Сейф TT-28,S11299113014
Сейфы,Сейф TT-28.EL,S11299113414
Сейфы,Сейф Чирок 1015,S11299102041
Сейфы,Сейф Чирок 1018,S11299102841
Сейфы,Сейф Чирок 1018 EL,S11299102941
Сейфы,Сейф Чирок 1020,S11299102241
Сейфы,Сейф Чирок 1025,S11299102441
Сейфы,Сейф Чирок 1312,S11299103041
Сейфы,Сейф Чирок 1318,S11299103841
Сейфы,Сейф Чирок 1318 EL,S11299103941
Сейфы,Сейф Чирок 1320,S11299103241
Сейфы,Сейф Чирок 1325,S11299103441
Сейфы,Сейф Чирок 1328,S11299105841
Сейфы,Сейф Чирок 1328 EL,S11299105941
Сейфы,Сейф Чирок 1409,S11299106041
Сейфы,Сейф Чирок 1436,S11299116341
Сейфы,Сейф Чирок 1443,S11299116441
Сейфы,Сейф Чирок 1462,S11299108041
Сейфы,Сейф Чирок 1520,S11299106241
Сейфы,Сейф Чирок 1528,S11299106841
Сейфы,Сейф Беркут,S11299120141
Сейфы,Сейф Беркут 1,S11299121041
Сейфы,Сейф Беркут 1 EL,S11299121441
Сейфы,Сейф Беркут 2,S11299121541
Сейфы,Сейф Беркут 2 EL,S11299121941
Сейфы,Сейф Беркут 3,S11299122041
Сейфы,Сейф Беркут 3 EL,S11299122441
Сейфы,Сейф Беркут 3 Print,S11299122099
Сейфы,Сейф Беркут 3 У,S11299122641
Сейфы,Сейф Беркут 12,S11299120541
Сейфы,Сейф Беркут 142 KL,S11299124141
Сейфы,Сейф Беркут 143 KL,S11299124041
Сейфы,Сейф Беркут 144 KL,S11299124441
Сейфы,Сейф Беркут 145 KL,S11299124241
Сейфы,Сейф Беркут 146 KL,S11299124341
Сейфы,Сейф Беркут 150 KL,S11299124541
Сейфы,Сейф Беркут 150 EL,S11299124941
Сейфы,Сейф Беркут 150/2 KL,S11299125541
Сейфы,Сейф Беркут 150/2 EL,S11299125941
Сейфы,Сейф Беркут 165 KL,S11299126541
Сейфы,Сейф Беркут 165 EL,S11299126941
Сейфы,Сейф Беркут 165/2 KL,S11299127541
Сейфы,Сейф Беркут 165/2 EL,S11299127941
Сейфы,Сейф Филин 32,S11299128041
Сейфы,Сейф Филин 32 EL,S11299128141
Сейфы,Сейф Филин 33,S11299128341
Сейфы,Сейф Филин 33 EL,S11299128441
Сейфы,Сейф Филин 34,S11299134541
Сейфы,Сейф Филин 35 EL,S11299135941
Сейфы,Сейф Филин 1443,S11299154041
Сейфы,Сейф Арсенал 25T,S11299140016
Сейфы,Сейф Арсенал 25T EL,S11299140416
Сейфы,Сейф Арсенал 100T,S11299131016
Сейфы,Сейф Арсенал 100T EL,S11299141416
Сейфы,Сейф Арсенал 130/2 EL,S11299142916
Сейфы,Сейф Арсенал 148T,S11299145016
Сейфы,Сейф Арсенал 148/2 EL,S11299145916
Сейфы,Сейф Арсенал 161T,S11299147016
Сейфы,Сейф Арсенал 161T EL,S11299147416
Сейфы,Сейф Арсенал 161/2,S11299147516
Сейфы,Сейф Арсенал,S11299010141
Сейфы,Сейф Арсенал EL,S11299010441
Сейфы,Сейф Заслон,S11299021241
Сейфы,Сейф Заслон EL,S11299021441
Сейфы,Сейф Сафари,S11299260141
Сейфы,Сейф Сафари-ЕL,S11299260941
Сейфы,Сейф Сафари Print,S11299152014
Сейфы,Сейф Сафари-ЕL Print,S11299152414
Сейфы,Сейф Сапсан-4 old,S11299040540
Сейфы,Сейф Сапсан-4,S11299040543
Сейфы,Сейф Сапсан-4 EL Print,S11299153414
Сейфы,Сейф Ирбис-8,S11299172541
Сейфы,Сейф Ирбис-8 EL,S11299172841
Сейфы,Сейф Tiger 60,S11299521009
Сейфы,Шкаф армейский ШХО-170 ПМ (БП),S11299422014
Сейфы,Шкаф армейский ШХО-1445 (БП 2),S11299421614
Сейфы,Ложемент Изопол 1 ствол,S11299990130
Сейфы,Ложемент Изопол 2 ствола,S11299990200
Сейфы,Ложемент Изопол 3 ствола,S11299990300
Сейфы,Ложемент на магните Valberg,S11299990600
Сейфы,Сейф TD-23,S11499010401
Сейфы,Сейф TD-23.EL,S11499010101
Сейфы,Сейф ASD-19,S11499050040
Сейфы,Сейф ASD-19 EK,S11499050340
Сейфы,Сейф ASD-19 EL,S11499050440
Сейфы,Сейф ASD-32 EL,S11499080440
Сейфы,Сейф Hotel SH-20.EL,S11599100401
Сейфы,Сейф Hotel SH-23.EL,S11599110401
Сейфы,Сейф Hotel SH-28.EL,S11599120401
Сейфы,Сейф Hotel SH-30.EL,S11599130401
Сейфы,Сейф Hotel SH-20.EL new,S11599200409
Сейфы,Сейф Hotel SH-30.EL new,S11599230409
Сейфы,Темпокасса TCS-110 A,S11799010202
Сейфы,Темпокасса TCS-108,S11799010502
Сейфы,Ключница KMS-20,S11899110100
Сейфы,Сейф Gold Сафари-EL (чёрный),S11299031409
Сейфы,Сейф Д Сафари EL (дуб),S11299041981
Сейфы,Сейф-термостат медицинский TS-3/12 мод. ASK-30,S16199310001
Сейфы,Сейф-термостат медицинский TS-3/12,S16199310301
Сейфы,Сейф-термостат медицинский TS-3/25 мод.Fort-M 1385.3,S16199322301
Сейфы,Картотека огнестойкая FC 4K-KK,S17197141112
Сейфы,Блок ячеек DBI-12,S18199512010
Сейфы,Кассета депозитная H-140,S18199600200
Сейфы,Кейс для ячеек 200 мм,S18199790612
Сейфы,Брелок 1/20,S183CH010100
Сейфы,Ключница KEY-20,S183CH011000
Сейфы,Ключница KEY-40,S183CH011500
Сейфы,Ключница KEY-60,S183CH012000
Сейфы,Ключница KEY-80,S183CH012500
Сейфы,Ключница KEY-100,S183CH013000
Сейфы,Ключница KEY-200,S183CH014000
Сейфы,Ключница KEY-300,S183CH015000
Сейфы,Ключница KEY-400,S183CH015500
Сейфы,Ключница KEY-600,S183CH016000
Сейфы,Ключница KEY-1 FIRE,S183CH020100
Сейфы,Ключница KEY-10 G,S183CH020500
Сейфы,Ключница KEY-20 G,S183CH021000
Сейфы,Ключница KEY-30 G,S183CH021300
Сейфы,Ключница KEY-40 G,S183CH021500
Сейфы,Ключница KEY-50 G,S183CH021700
Сейфы,Ключница KEY-35 EL,S183CH041500
Сейфы,Ключница KEY-55 EL,S183CH042000
Сейфы,Ключница KEY-75 EL,S183CH042500
Сейфы,Ключница KEY-95 EL,S183CH043000
Сейфы,Ключница KEY-195 EL,S183CH044000
Сейфы,Сейф CB-III-50,10453010
Мебель,Комплект образцов палитры RAL,S20099000100
Мебель,Картотека AFC-02,S20299020102
Мебель,Картотека AFC-03,S20299030102
Мебель,Картотека AFC-04,S20299040102
Мебель,Картотека AFC-05,S20299050102
Мебель,Картотека AFC-06,S20299060102
Мебель,Разделитель продольный  AFC,S20299065002
Мебель,Пластина компр.для AFC 06/2,S20299065202
Мебель,Пластина компр.для AFC 06/3,S20299065302
Мебель,Пластина компр.для AFC 06/4,S20299065402
Мебель,Картотека AFC-07,S20299070202
Мебель,Картотека AFC-09C,S20299090102
Мебель,Пластина компр.для AFC-07,S29999170002
Мебель,Пластина компр.для AFC-09,S29999190002
Мебель,Картотека AMF 1091/3,S20299130102
Мебель,Картотека A-42,S20299224102
Мебель,Картотека A-43,S20299234102
Мебель,Картотека A-44,S20299244102
Мебель,Картотека для дома и офиса A-69/2,S20299320202
Мебель,Картотека для дома и офиса A-69/3,S20299330202
Мебель,Картотека NF-04,S20299514112
Мебель,Картотека A0-05/1 (верх),S20299550102
Мебель,Картотека A0-05/2 (промеж.секция),S20299550202
Мебель,Картотека A0-05/3  (низ),S20299550302
Мебель,Картотека A1-05/0 (база),S20299605002
Мебель,Картотека A1-05/1 (верх),S20299605102
Мебель,Картотека A1-05/2 (промеж.секция),S20299605202
Мебель,Картотека A1-05/3 (низ),S20299605302
Мебель,Крыша картотеки A1,S20299605402
Мебель,Шкаф CB-10/2,S20499010302
Мебель,Шкаф CB-11,S20499011102
Мебель,Шкаф CB-12,S20499011202
Мебель,Шкаф CB-13,S20499011302
Мебель,Шкаф CB-14,S20499011402
Мебель,Шкаф CB-15,S20499011702
Мебель,Шкаф CB-21,S20499012102
Мебель,Шкаф CB-22,S20499012202
Мебель,Полка CB-12 (1шт.),S20499011502
Мебель,Полка CB-14 (1шт.),S20499011602
Мебель,"Полка CB-21,22 (1шт.)",S20499012002
Мебель,Шкаф AM 0891,S20499080102
Мебель,Шкаф AM 1891,S20499180102
Мебель,Шкаф AM 1891/2U,S20499180302
Мебель,Шкаф AM 1845,S20499181102
Мебель,Шкаф AM 1845/4,S20499181402
Мебель,Шкаф AM 2091 (4 полки),S20499200702
Мебель,Шкаф M-08,S20499320302
Мебель,Шкаф M-18,S20499380302
Мебель,Полка BBM,S20499389202
Мебель,Шкаф M-18 F new,S20499398002
Мебель,Шкаф NM.1991/2U,S20499515212
Мебель,Шкаф NMT.1912,S20499525112
Мебель,Шкаф NST.1991,S20499535112
Мебель,Шкаф открытый AM 1891 ND,S20499606002
Мебель,Шкаф CB-01,S20499010102
Мебель,Шкаф CB-02,S20499010202
Мебель,Шкаф AMT 0891,S20699080202
Мебель,Шкаф AMT 0812,S20699081202
Мебель,Шкаф AMT 1891,S20699180202
Мебель,Шкаф AMT 1812,S20699181202
Мебель,Полка BBT,S20699910202
Мебель,Полка BBT-120,S20699910402
Мебель,Полка BBS (1 шт),S20899010202
Мебель,Многоящ. шкаф MDC-A4/315/5,S21299310502
Мебель,Многоящ. шкаф MDC-A4/650/6,S21299320602
Мебель,Многоящ. шкаф MDC-A4/650/10,S21299321002
Мебель,Многоящ. шкаф MDC-A4/910/9,S21299330902
Мебель,Многоящ. шкаф MDC-A4/910/15,S21299331502
Мебель,Многоящ. шкаф MDC-A3/650/4,S21299420402
Мебель,Многоящ. шкаф MDC-A3/910/9,S21299430902
Мебель,Многоящ. шкаф MDC-A3/910/15,S21299431502
Мебель,Шкаф кассира AMB-15/2,S21499020202
Мебель,Шкаф кассира AMB-30/4,S21499020402
Мебель,Шкаф кассира AMB-45/6,S21499020602
Мебель,Шкаф кассира AMB-140/10,S21499021002
Мебель,Шкаф абонентский AMB-180/60D,S21499023002
Мебель,Шкаф абонентский AMB-180/60,S21499026002
Мебель,Шкаф AL-001,S23099020102
Мебель,Шкаф AL-04,S23099050102
Мебель,Шкаф AL-004,S23099060102
Мебель,Скамья для раздевалок W-1000,S23099101102
Мебель,Скамья для раздевалок W-1200,S23099101202
Мебель,Скамья для раздевалок W-1500,S23099101502
Мебель,Скамья для раздевалок W-2000,S23099101902
Мебель,Вешалка для раздевалок CW-1000,S23099102102
Мебель,Вешалка для раздевалок CW-1500,S23099102502
Мебель,Вешалка для раздевалок двухсторонняя CW2-1500,S23099103502
Мебель,Скамья гардеробная 1000x400x400,S2309910510
Мебель,Скамья гардеробная 1500х400х400,S2309910600
Мебель,Шкаф для раздевалок антивандальный NLH-02,S23099202012
Запчасти,Мастер ключ CL1/3,30202027
Запчасти,Замок ключевой Cyber Lock CL 1/3 B607X (аналог В455),S5P40701013599
Мебель,Шкаф для раздевалок усиленный ML-11-30,S23099401102
Мебель,Шкаф для раздевалок усиленный ML-01-30 доп модуль (2шт),S23099402602
Мебель,Шкаф для раздевалок усиленный ML-01-30 доп модуль,S23099402102
Мебель,Шкаф для раздевалок усиленный ML-21-60,S23099402502
Мебель,Шкаф для раздевалок усиленный ML-11-40 базовый модуль,S23099403102
Мебель,Шкаф для раздевалок усиленный ML-01-40 доп модуль,S23099403202
Мебель,Шкаф для раздевалок усиленный ML-21-80,S23099403502
Мебель,Шкаф для раздевалок усиленный ML-11-50 базовый модуль,S23099404102
Мебель,Шкаф для раздевалок усиленный ML-11-50У универсальный,S23099404602
Мебель,Шкаф для раздевалок усиленный ML-12-30 базовый модуль,S23099421102
Мебель,Шкаф для раздевалок усиленный ML-02-30 доп модуль,S23099421202
Мебель,Шкаф для раздевалок усиленный ML-12-40 базовый модуль,S23099422102
Мебель,Шкаф для раздевалок усиленный ML-02-40 доп модуль,S23099422202
Мебель,Шкаф для раздевалок усиленный ML-14-30 базовый модуль,S23099441102
Мебель,Шкаф для раздевалок усиленный ML-04-30 доп модуль,S23099441202
Мебель,Шкаф для раздевалок усиленный ML-11-30x30,S23099450102
Мебель,Шкаф для раздевалок усиленный ML-12-30x30,S23099450202
Мебель,Шкаф для раздевалок антивандальный MLH-21-60,S23099452502
Мебель,Шкаф для раздевалок антивандальный MLH-11-50У,S23099454602
Мебель,Шкаф индивидуального пользования ML Cube 365,S23099461102
Мебель,Шкаф индивидуального пользования ML Cube 520,S23099462102
Мебель,Шкаф индивидуального пользования ML Cube 665,S23099461202
Мебель,Шкаф индивидуального пользования ML Cube 1265,S23099462202
Мебель,Полка ML-400,S23099491302
Мебель,Полка к LS-01,S23099500102
Мебель,Полка LS-001,S23099500103
Мебель,Полки LS-21 (2шт.),S23099500202
Мебель,Полки LS-41 (4 шт.),S23099500402
Мебель,Полки LS-21-60 (2шт.),S23099500502
Мебель,Полки LS-21-80 (2шт.),S23099500602
Мебель,Полка LS 11-40,S23099500002
Мебель,Шкаф для раздевалок Стандарт LS-01,S23099510102
Мебель,Шкаф для раздевалок Стандарт LS-001,S23099510202
Мебель,Шкаф для раздевалок Стандарт LS-01-40,S23099510302
Мебель,Шкаф для раздевалок Стандарт LS-001-40,S23099511202
Мебель,Шкаф для раздевалок Стандарт LS-02,S23099510502
Мебель,Шкаф для раздевалок Стандарт LS-11-40D,S23099515102
Мебель,Шкаф для раздевалок Стандарт LS-11-50,S23099515202
Мебель,Антресоль LS-21-60,S23099520402
Мебель,Антресоль LS-21-80,S23099552002
Мебель,Шкаф для раздевалок Стандарт LS-21,S23099521102
Мебель,Шкаф для раздевалок Стандарт LS-21 U,S23099521502
Мебель,Шкаф для раздевалок Стандарт LS-21-50,S23099520502
Мебель,Шкаф для раздевалок Стандарт LS-21-60,S23099521902
Мебель,Шкаф для раздевалок Стандарт LS-22,S23099522102
Мебель,Шкаф для сумок Стандарт LS-24,S23099524102
Мебель,Шкаф для раздевалок Стандарт LS-31,S23099531102
Мебель,Шкаф для сумок Стандарт LS-34,S23099534102
Мебель,Шкаф для раздевалок Стандарт LS-41,S23099541102
Мебель,Шкаф для сумок Стандарт LS-42,S23099542102
Мебель,Шкаф для раздевалок Стандарт LS-21-80,S23099552102
Мебель,Шкаф для раздевалок Стандарт LS-21-80 D,S23099541402
Мебель,Шкаф для раздевалок Стандарт LS-21-80 U,S23099552502
Мебель,Шкаф для раздевалок Стандарт LS-21-70 модуль сушки,S23099572002
Мебель,Модуль сушки LS-21-60,S23099571802
Мебель,Модуль сушки LS-21-70,S23099571902
Мебель,Шкаф для раздевалок Стандарт LS-K 21-500,S23099720502
Мебель,Шкаф для раздевалок Стандарт LS-K 21-530 (2 двери),S23099721502
Мебель,Шкаф для раздевалок Стандарт LS-K 21-800,S23099752102
Мебель,Шкаф для раздевалок Стандарт LS-K 22-600,S23099722102
Мебель,Ножка для локера ч-100 мм.(с болтом),S23099910202
Мебель,Подставка LS-21-80,S23099902302
Мебель,Подставка LS-31/34,S23099902402
Мебель,Подставка LS-41,S23099902502
Мебель,Скамья-подставка  LS-21 сосна,S23099912080
Мебель,Скамья-подставка  LS-21-80 сосна,S23099912580
Мебель,Скамья-подставка  LS-31 сосна,S23099913580
Стеллажи,Стеллаж MS 200KD/100x40/4,S24099244402
Стеллажи,Стеллаж MS 120/60x20/4,S24199132402
Стеллажи,Стеллаж MS 185/100х30/4,S24199153402
Стеллажи,Комплект усиливающих уголков MS (8 шт. с крепежом),S24199211000
Стеллажи,Т-усилитель стойки MS Standart 2 шт (с резьбой),S24199210100
Стеллажи,Крепеж стойки MS Standart (уголки 4 шт),S24199212000
Стеллажи,Стойка MS Standart 160,S24199212202
Стеллажи,Стойка MS Standart 185,S24199212302
Стеллажи,Стойка MS Standart 200,S24199212402
Стеллажи,Стойка MS Standart 220,S24199212502
Стеллажи,Стойка MS Standart 255,S24199212702
Стеллажи,Крепеж стойки MS Strong (уголки 4 шт),S24199220000
Стеллажи,Т-усилитель стойки MS Strong 2шт (с резьбой),S24199220100
Стеллажи,Стойка MS Strong 160,S24199220202
Стеллажи,Стойка MS Strong 185,S24199220302
Стеллажи,Стойка MS Strong 200,S24199220402
Стеллажи,Стойка MS Strong 220,S24199220502
Стеллажи,Стойка MS Strong 235,S24199220602
Стеллажи,Стойка MS Strong 255,S24199220702
Стеллажи,Стойка MS Strong 275,S24199220802
Стеллажи,Стойка MS Strong 310,S24199220902
Стеллажи,Крепеж стойки MS Hard (уголки 4 шт),S24299240099
Стеллажи,Т-усилитель стойки MS Hard 2шт (с резьбой),S24299240199
Стеллажи,Стойка MS Hard 185,S24299240302
Стеллажи,Стойка MS Hard 200,S24299240402
Стеллажи,Стойка MS Hard 220,S24299240502
Стеллажи,Стойка MS Hard 250,S24299240702
Стеллажи,Стойка MS Hard 300,S24299240902
Стеллажи,Полка MS 30F,S24199300302
Стеллажи,Полка MS 40F,S24199300402
Стеллажи,Полка MS 50F,S24199300502
Стеллажи,Полка MS 60F,S24199300602
Стеллажи,Полка MS Standart 70x30,S24199310302
Стеллажи,Полка MS Standart 70х40,S24199310402
Стеллажи,Полка MS Standart 70х50,S24199310502
Стеллажи,Полка MS Standart 70х60,S24199310602
Стеллажи,Полка MS Standart 100x25,S24199320202
Стеллажи,Полка MS Standart 100x30,S24199320302
Стеллажи,Полка MS Standart 100x40,S24199320402
Стеллажи,Полка MS Standart 100x50,S24199320502
Стеллажи,Полка MS Standart 100x60,S24199320602
Стеллажи,Полка MS Strong 100x30 old,S24199420302
Стеллажи,Полка MS Strong 100x40 old,S24199420402
Стеллажи,Полка MS Strong 100x50 old,S24199420502
Стеллажи,Полка MS Strong 100x60 old,S24199420602
Стеллажи,Полка MS Strong 120x30 old,S24199430302
Стеллажи,Полка MS Strong 120x40 old,S24199430402
Стеллажи,Полка MS Strong 120x50 old,S24199430502
Стеллажи,Полка MS Strong 120x60 old,S24199430602
Стеллажи,Полка MS Strong 150x30 old,S24199440302
Стеллажи,Полка MS Strong 150x40 old,S24199440402
Стеллажи,Полка MS Strong 150x50 old,S24199440502
Стеллажи,Полка MS Strong 150x60 old,S24199440602
Стеллажи,Полка MS Strong 70x30,S24199610302
Стеллажи,Полка MS Strong 70x40,S24199610402
Стеллажи,Полка MS Strong 70x50,S24199610502
Стеллажи,Полка MS Strong 70x60,S24199610602
Стеллажи,Полка MS Strong 70x70,S24199610702
Стеллажи,Полка MS Strong 70x80,S24199610802
Стеллажи,Полка MS Strong 100x30,S24199620302
Стеллажи,Полка MS Strong 100x40,S24199620402
Стеллажи,Полка MS Strong 100x50,S24199620502
Стеллажи,Полка MS Strong 100x60,S24199620602
Стеллажи,Полка MS Strong 100x70,S24199620702
Стеллажи,Полка MS Strong 100x80,S24199620802
Стеллажи,Полка MS Strong 120x30,S24199630302
Стеллажи,Полка MS Strong 120x40,S24199630402
Стеллажи,Полка MS Strong 120x50,S24199630502
Стеллажи,Полка MS Strong 120x60,S24199630602
Стеллажи,Полка MS Strong 120x70,S24199630702
Стеллажи,Полка MS Strong 120x80,S24199630802
Стеллажи,Полка MS Strong 150x30,S24199640302
Стеллажи,Полка MS Strong 150x40,S24199640402
Стеллажи,Полка MS Strong 150x50,S24199640502
Стеллажи,Полка MS Strong 150x60,S24199640602
Стеллажи,Полка MS Hard 100x30,S24199441302
Стеллажи,Полка MS Hard 100x40,S24199441402
Стеллажи,Полка MS Hard 100x50,S24199441502
Стеллажи,Полка MS Hard 100x60,S24199441602
Стеллажи,Разделитель MS-30,S24199510302
Стеллажи,Разделитель MS-40,S24199510402
Стеллажи,Разделитель MS-50,S24199510502
Стеллажи,Планка огр. MS-25,S24199520202
Стеллажи,Планка огр. MS-30,S24199520302
Стеллажи,Планка огр. MS-40,S24199520402
Стеллажи,Планка огр. MS-50,S24199520502
Стеллажи,Планка огр. MS-60,S24199520602
Стеллажи,Планка огр. MS-70,S24199520702
Стеллажи,Планка огр. MS-100,S24199521002
Стеллажи,Планка огр. MS-120,S24199521202
Стеллажи,Разделитель продольный MSP-100/2,S24199530702
Стеллажи,Разделитель продольный MSP-70/2,S24199531002
Стеллажи,Комплект разделителей MS CR 100x60,S24199532802
Стеллажи,Усилитель ребра полки MS-70,S24199533102
Стеллажи,Усилитель ребра полки MS-100,S24199533302
Стеллажи,Усилитель ребра полки MS-120,S24199533402
Стеллажи,Подпятник Strong MS металлический,S24199540202
Стеллажи,Винт Strong MS регулировочный,S24199540300
Стеллажи,Боковая стенка MS 50x30,S24199552302
Стеллажи,Боковая стенка MS 50x50,S24199552502
Стеллажи,Боковая стенка MS 200x30,S24199558302
Стеллажи,Боковая стенка MS 200x40,S24199558402
Стеллажи,Боковая стенка MS 200x50,S24199558502
Стеллажи,Боковая стенка MS 200x60,S24199558602
Стеллажи,Задняя стенка MS 50x70,S24199562202
Стеллажи,Задняя стенка MS 50x100,S24199562402
Стеллажи,Задняя стенка MS 200x70,S24199568202
Стеллажи,Задняя стенка MS 200x100,S24199568402
Стеллажи,Задняя стенка MS 200x120,S24199568602
Стеллажи,Стеллаж ES 75KD/75x30/3 оцинк,S24099023358
Стеллажи,Стеллаж ES 150KD/75x30/4 оцинк,S24099033458
Стеллажи,Стеллаж ES 150KD/75x30/4 серый,S24099033402
Стеллажи,Стеллаж SBL 180KD/75x35/5,S24499371109
Стеллажи,Стеллаж SBL 180KD/90x40/5,S24499373309
Стеллажи,Стеллаж SBL 180KD/90x45/5,S24499373409
Стеллажи,Стеллаж SBL 180KD/120x40/5,S24499375309
Стеллажи,Стеллаж SBL 180KD/120x45/5,S24499375509
Стеллажи,Стеллаж SBL 180KD/120x45/5 оцинк,S24599375558
Стеллажи,Стойка SB 200,S24699030007
Стеллажи,Стойка SB 250,S24699050007
Стеллажи,Стойка SB 300,S24699070007
Стеллажи,Балка поперечная SB 51,S24699200202
Стеллажи,Балка поперечная SB 61,S24699200402
Стеллажи,Балка поперечная SB 76,S24699200602
Стеллажи,Балка продольная SB 152,S24699203002
Стеллажи,Балка продольная SB 183,S24699205002
Стеллажи,Полка яруса SB 51x15 оцинк,S24699301258
Стеллажи,Настил яруса SB 152х61 фанера (кат. А) old,S24699303481
Стеллажи,Стяжка балок SB 51,S24699400202
Стеллажи,Стяжка балок SB 61,S24699400402
Стеллажи,Стяжка балок SB 76,S24699400602
Стеллажи,Настил яруса SB 152х51 фанера,S24699303282
Стеллажи,Настил яруса SB 152х61 фанера,S24699303482
Стеллажи,Настил яруса SB 183х51 фанера,S24699305282
Стеллажи,Настил яруса SB 183х61 фанера,S24699305482
Стеллажи,Настил яруса SB 183х76 фанера,S24699305682
Мебель,Тумба AP-1 (BFC-70/3),S25699010102
Мебель,Тумба AP-2 (BA4-65/3),S25699010202
Мебель,Тумба TK-3 (BFC-66/3),S25699020002
Мебель,Тумба BFC-70/4,S25699020102
МО,Стул СПУ-1,S25999010004
Медмебель,Аптечка AMD 33,S26199011101
Медмебель,Аптечка AMD 39 (MDA 39),S26199012101
Медмебель,Аптечка AMD 39G (MDA 39G),S26199012301
Медмебель,Мебель медицинская для оборудования кабинетов и палат: Шкаф МД 1 1650/SS,S26199201001
Медмебель,Мебель медицинская для оборудования кабинетов и палат: Шкаф МД 1 1650/SG,S26199201501
Медмебель,Мебель медицинская для оборудования кабинетов и палат: Шкаф МД 1 1657/SS,S26199202001
Медмебель,Мебель медицинская для оборудования кабинетов и палат: Шкаф МД 1 1657/SG,S26199202501
Медмебель,Мебель медицинская для оборудования кабинетов и палат: Шкаф МД 2 1670/SS,S26199203001
Медмебель,Мебель медицинская для оборудования кабинетов и палат: Шкаф МД 2 1670/SG,S26199203501
Медмебель,Мебель медицинская для оборудования кабинетов и палат: Шкаф МД 1 1760/SS,S26199204001
Медмебель,Мебель медицинская для оборудования кабинетов и палат: Шкаф МД 1 1760/SG,S26199204501
Медмебель,Мебель медицинская для оборудования кабинетов и палат: Шкаф МД 2 1780/SS,S26199205001
Медмебель,Мебель медицинская для оборудования кабинетов и палат: Шкаф МД 2 1780/SG,S26199205501
Медмебель,Мебель медицинская для оборудования кабинетов и палат: Шкаф МД 1 1760 R,S26199206000
Медмебель,Мебель медицинская для оборудования кабинетов и палат: Шкаф МД 1 1760 R-1,S26199206100
Медмебель,Мебель медицинская для оборудования кабинетов и палат: Шкаф МД 2 1780 R,S26199207000
Медмебель,Мебель медицинская для оборудования кабинетов и палат: Шкаф МД 2 1780 R-1,S26199207100
Медмебель,Мебель медицинская для оборудования кабинетов и палат: Шкаф МД 2 1780 R-5,S26199207500
Медмебель,Мебель медицинская для оборудования кабинетов и палат: Шкаф МД трейзер 1650,S26199209100
Медмебель,Мебель медицинская для оборудования кабинетов и палат: Шкаф МД трейзер 1670,S26199209200
Мебель,Шкаф медицинский МД CB-12,S26199501200
Медмебель,Мебель медицинская для оборудования кабинетов и палат: Шкаф МД 1 ШМ-SS,S26199301501
Медмебель,Мебель медицинская для оборудования кабинетов и палат: Шкаф МД 2 ШМ-SS,S26199302101
Медмебель,Мебель медицинская для оборудования кабинетов и палат: Шкаф МД 1 ШМ-SSD,S26199206300
Мебель,Шкаф медицинский МД AM 1891,S26199302200
Медмебель,Мебель медицинская для оборудования кабинетов и палат: Шкаф МД 2 ШМ,S26199302201
Мебель,Шкаф медицинский МД AM 1845,S26199302300
Мебель,Шкаф медицинский МД M-18,S26199500200
Мебель,Шкаф медицинский МД LS(LE)-21,S26199321500
Мебель,Шкаф медицинский МД LS(LE)-21-60 U,S26199321700
Мебель,Шкаф медицинский МД LS(LE)-21-80,S26199321800
Мебель,Шкаф медицинский МД LS(LE)-21-80 U,S26199321900
Мебель,Шкаф медицинский МД LS(LE)-41,S26199341500
Медмебель,Мебель медицинская для оборудования кабинетов и палат: Тумба МД ТП-1,S26199401101
Медмебель,Мебель медицинская для оборудования кабинетов и палат: Тумба МД ТП-2,S26199402201
Медмебель,Мебель медицинская для оборудования кабинетов и палат: Тумба МД ТП-3,S26199403301
Медмебель,Мебель медицинская для оборудования кабинетов и палат: Тумба МД ТП L-4,S26199404401
Медмебель,Мебель медицинская для оборудования кабинетов и палат: Тумба МД ТП L-6,S26199404601
Медмебель,Мебель медицинская для оборудования кабинетов и палат: Тумба МД ТП L-9,S26199404901
Медмебель,Мебель медицинская для оборудования кабинетов и палат: Стол манипуляционный МД SM N,S26199501001
Медмебель,Мебель медицинская: Стол манипуляционный МД SM 1,S26299010102
Медмебель,Мебель медицинская: Стол манипуляционный МД SM 2,S26299010902
Медмебель,Мебель медицинская: Стол манипуляционный МД SM 6,S26299010202
Медмебель,Мебель медицинская для оборудования кабинетов и палат: Стол процедурный МД SP N,S26299021401
Медмебель,Мебель медицинская: Стол процедурный МД SP 2N,S26299020202
Медмебель,Мебель медицинская: Стол процедурный МД SP 3N,S26299021302
Медмебель,Мебель медицинская для оборудования кабинетов и палат: Стол процедурный МД SP 2G,S26299021201
Медмебель,Мебель медицинская для оборудования кабинетов и палат: Стол процедурный МД SP 3G,S26299020301
Медмебель,Мебель медицинская: Стол хирургический МД CX,S26299021501
Медмебель,Тележка для перевозки больных МД ТБН,S26599020601
Медмебель,Тележка для перевозки больных МД ТБЛ-01,S26599020801
Медмебель,Мебель медицинская для кабинетов и палат. Кушетка медицинская для кабинетов и палат МД КС,S26599021101
Медмебель,Мебель медицинская для кабинетов и палат. Кушетка медицинская для кабинетов и палат МД КС-01,S26599021401
Медмебель,Мебель медицинская для кабинетов и палат. Банкетка медицинская для кабинетов и палат МД Б,S26599021201
Медмебель,Мебель медицинская для кабинетов и палат. Банкетка медицинская для кабинетов и палат МД БС,S26599021301
Медмебель,Кровать общебольничная механическая КМ-01,S26599100102
Медмебель,Кровать общебольничная механическая КМ-03,S26599100302
Медмебель,Кровать общебольничная механическая КМ-04,S26599100402
Медмебель,Кровать общебольничная механическая КМ-07,S26599100702
Медмебель,Кровать общебольничная механическая КМ-09,S26599100902
Медмебель,Кровать общебольничная механическая КМ-10,S26599101002
Медмебель,Принадлежность к кровати общебольничной механической серии КМ: Ограждения боковые КМ 3,S26599102302
Медмебель,Принадлежность к кровати общебольничной механической серии КМ: Штатив медицинский КМ МШ-2,S26599102702
Медмебель,Принадлежность к кровати общебольничной механической серии КМ: Штатив медицинский КМ ШДВ,S26599102201
Медмебель,Принадлежность к кровати общебольничной механической серии КМ: Штатив медицинский КМ ШДВ-1,S26599102211
Медмебель,Ширма медицинская MB S,S26299010600
Медмебель,Шкаф MD трейзер 1670 DIB,S26199090301
Медмебель,Кушетка МД КС DIB,S26599020101
Медмебель,Банкетка МД Б DIB,S26599020201
Медмебель,Банкетка МД БС DIB,S26599020301
Медмебель,Мебель медицинская для оборудования кабинетов и палат: Стол манипуляционный МД SM 1,S26299010101
Медмебель,Мебель медицинская для оборудования кабинетов и палат: Стол манипуляционный МД SM 6,S26299010201
Медмебель,Мебель медицинская для оборудования кабинетов и палат: Стол манипуляционный МД SM 2,S26299010901
Медмебель,Мебель медицинская для оборудования кабинетов и палат: Стол процедурный МД SP 2N,S26299020201
Медмебель,Мебель медицинская для оборудования кабинетов и палат: Стол процедурный МД SP 3N,S26299021301
Стеллажи,Стеллаж медицинский СТМ MS 160KD/70x30/4,S26899123401
Стеллажи,Стеллаж медицинский СТМ MS 185KD/70x30/4,S26899223401
Стеллажи,Стеллаж медицинский СТМ MS 200KD/100x30/4,S26899343401
Стеллажи,Стеллаж медицинский СТМ MS 200KD/100x40/4,S26899344401
Стеллажи,Стеллаж медицинский СТМ MS 200KD/100x50/4,S26899345401
Стеллажи,Стеллаж медицинский СТМ MS 200KD/100x60/4,S26899346401
Стеллажи,Стеллаж медицинский СТМ MS 185/100х30/4,S26899743401
Стеллажи,Стеллаж медицинский СТМ MS 185/100х40/4,S26899744401
Стеллажи,Стеллаж медицинский СТМ MS 185/100х60/4,S26899746401
Стеллажи,Стеллаж медицинский СТМ MS 200/100х40/6,S26899844601
Стеллажи,Стеллаж медицинский СТМ MS 200/100х60/6,S26899846601
Стеллажи,Стеллаж медицинский СТМ MS 220/100х40/6,S26899944601
Проммебель,Столешница Master MT-100,S30299014058
Проммебель,Столешница Master M-100,S30299014458
Проммебель,Опора Master MF-1,S30299080002
Проммебель,Балка Master M-90,S30299091102
Проммебель,Ящик Master M-140,S30299091402
Проммебель,Полка Master M-100,S30299091302
Проммебель,Верстак Master №101,S30399500146
Проммебель,Верстак Master №102,S30399500246
Проммебель,Верстак Master №103,S30399500346
Проммебель,Верстак Master №104,S30399500446
Проммебель,Верстак Master №106,S30399500646
Проммебель,Ящик Garage,S30399500946
Проммебель,Верстак Garage №111,S30399521846
Проммебель,Верстак Garage №112,S30399500846
Проммебель,Верстак Garage Set 1,S30399501546
Проммебель,Верстак Garage Set 2,S30399501646
Проммебель,Верстак Garage Set 3,S30399501746
Проммебель,Тележка WDS-5.0 new,S30299022514
Проммебель,Тележка WDS-5.1 new,S30299023514
Проммебель,Тележка WDS-6.1 new,S30299023614
Проммебель,Тележка WDS D-5.0,S30299033504
Проммебель,Тележка WDS D-5.1,S30299033514
Проммебель,Тележка WDS D-6.1,S30299033614
Проммебель,Экран WS боковой MS Pro 60x50,S30299033102
Проммебель,Экран WS боковой MS Pro 80x50,S30299033202
Проммебель,Экран WS боковой MS Pro 100x50,S30299033302
Проммебель,Экран WS MS Pro 90x50,S30299033402
Проммебель,Экран WS MS Pro 120x50,S30299033502
Проммебель,Экран WS MS Pro 150x50,S30299033602
Проммебель,Экран WS MS Pro 180x50,S30299033702
Проммебель,Экран WS MS Pro 210x50,S30299033802
Проммебель,Рама для инструментального стенда,S30299050407
Стеллажи,Подпятник стойки MS Pro (2 шт),S31299090558
Проммебель,Тумба Profi M-1,S30299822114
Проммебель,Тумба Profi M-5,S30299822514
Проммебель,Столешница Expert W-120,S30299011558
Проммебель,Столешница Expert W-160,S30299011758
Проммебель,Столешница Expert W-200,S30299011958
Проммебель,Столешница Expert WTS-120,S30299012558
Проммебель,Столешница Expert WTS-160,S30299012758
Проммебель,Столешница Expert WTS-200,S30299012958
Проммебель,Столешница Expert WTH-120,S30299013558
Проммебель,Столешница Expert WTH-160,S30299013758
Проммебель,Столешница Expert WTH-200,S30299013958
Проммебель,Тумба Expert WS-1,S30299021146
Проммебель,Тумба Expert WS-6,S30299021646
Проммебель,Ручка WS,S30299021800
Проммебель,Комплект WS (коврик/лоток/экран) ,S30299021900
Проммебель,Опора регулируемая Expert WF-2,S30299080202
Проммебель,Полка и Стенка Expert WSh-120/1 (hard),S30299070302
Проммебель,Полка и Стенка Expert WSh-200/1 (hard),S30299069202
Проммебель,Планка Expert Wsh и косынки,S30299069200
Проммебель,Усилитель верстака Expert 160,S30299064402
Проммебель,Усилитель верстака Expert 200,S30299064602
Проммебель,Столешница Profi WT-100,S30299010458
Проммебель,Столешница Profi WT-120,S30299010558
Проммебель,Столешница Profi WT-140,S30299010658
Проммебель,Столешница Profi WT-160,S30299010758
Проммебель,Столешница Profi WT-180,S30299010858
Проммебель,Тумба Profi WD-1,S30299020146
Проммебель,Тумба Profi WD-2,S30299020246
Проммебель,Тумба Profi WD-5,S30299020546
Проммебель,Ящик Profi WD-0,S30299020646
Проммебель,Шкаф Profi WD,S30299020846
Проммебель,Опора Profi WF-1,S30299080102
Проммебель,Полка и Стенка Profi WSh-120/0,S30299065002
Проммебель,Полка и Стенка Profi WSh-120/1,S30299065102
Проммебель,Полка и Стенка Profi WSh-140/1,S30299066102
Проммебель,Полка и Стенка Profi WSh-160/1,S30299067102
Проммебель,Полка и Стенка Profi WSh-160/2,S30299067202
Проммебель,Полка и Стенка Profi WSh-180/2,S30299068202
Проммебель,Столешница Profi MTS-200,S30499819501
Проммебель,Полка и Стенка Profi M-200/2,S30499835241
Проммебель,Экран Profi M-200,S30499841514
Проммебель,Комплект освещения Profi M,S30499842041
Проммебель,Комплект косынок для крепления экранов Profi M,S30499843014
Проммебель,Кронштейн крепления двух экранов Profi M (2 шт.),S30499844041
Проммебель,Комплект освещения W,S30299090002
Проммебель,Полка малая SSh,S30299090102
Проммебель,Полка большая LSh,S30299090202
Проммебель,Лоток держатель А4,S30299090302
Проммебель,Крючок HK,S30299090502
Проммебель,Крючок HK 2 new,S30299090612
Проммебель,Крючок HK 3,S30299090593
Проммебель,Крючок HK 4,S30299090594
Проммебель,Крючок-держатель HK 5,S30299090595
Проммебель,Крючок HK 6,S30299090712
Проммебель,Держатель для сверл DH,S30299090691
Проммебель,Держатель для шестигранников HH,S30299090692
Проммебель,Держатель ключей WH,S30299090602
Проммебель,Полка для баллончиков ScSh,S30299090702
Проммебель,Держатель инструмента TH,S30299090802
Проммебель,Держатель для бумажных полотенец PTH,S30299091002
Проммебель,Держатель для пластикового ящика 200 SPBH,S30299091502
Проммебель,Держатель для пластикового ящика 1000 LPBH,S30299091504
Проммебель,Держатель для стретч плёнки HfSF,S30299091505
Проммебель,Держатель для торцевых головок 1/2 HeC,S30299090693
Проммебель,Блок электророзеток EoB,S30299091202
Проммебель,Ящик пластиковый малый 155x100x75,S30299100507
Проммебель,Ящик пластиковый большой 400x230x150,S30299101007
Проммебель,Ящик пластиковый Практик 170x105x80,S30299104007
Проммебель,Ящик пластиковый Практик 200x157x90,S30299105007
Проммебель,Ящик пластиковый Практик 400x185x100,S30299102007
Проммебель,Ящик пластиковый Практик 400x230x150,S30299103007
Проммебель,Экран WS-60,S30299030307
Проммебель,Экран WS-100,S30299030407
Проммебель,Экран WS-120,S30299030507
Проммебель,Экран WS-140,S30299030607
Проммебель,Экран WS-160,S30299030707
Проммебель,Экран WS-180,S30299030807
Проммебель,Экран WS-200,S30299030907
Проммебель,Комплект косынок для крепления экранов WS,S30299030007
Проммебель,Экран WS-100 без косынок,S30299031407
Проммебель,Кронштейн крепления двух экранов WS (2 шт.),S30299031002
Проммебель,Экран WS-120 без косынок,S30299031507
Проммебель,Экран WS-140 без косынок,S30299031607
Проммебель,Экран WS-160 без косынок,S30299031707
Проммебель,Экран WS-180 без косынок,S30299031807
Проммебель,Экран WS-200 без косынок,S30299031907
Проммебель,Стул Pro industrial с подлокотниками,S30299091300
Проммебель,Табурет Pro industrial,S30299091100
Проммебель,Тележка WDS-0,S30299025046
Проммебель,Тележка WDS-4,S30299025446
Проммебель,Тележка WDS-5,S30299025546
Проммебель,Тележка WDS-6,S30299025646
Проммебель,Тележка WDS-7,S30299025746
Проммебель,Тележка WDS-9,S30299025946
Проммебель,Комплект перегородок WDS,S30299026102
Проммебель,Тележка Garage,S30399520146
Проммебель,Ящик для тележки Garage,S30399520246
Проммебель,Экран WDS,S30299040107
Проммебель,TC шкаф инструментальный TC-1095,S30599012046
Проммебель,TC шкаф инструментальный TC-1947,S30599013046
Проммебель,TC шкаф инструментальный TC-1995,S30599015046
Проммебель,TC перегородка вертикальная TCD-900,S30599021102
Проммебель,TC перегородка вертикальная TCD-1800,S30599021202
Проммебель,TC перегородка вертикальная TCD-1800/2,S30599021302
Проммебель,TC полка малая TCSh 43х47,S30599022102
Проммебель,TC гардеробный комплект TCSh,S30599022112
Проммебель,TC полка большая TCSh 95х47,S30599022202
Проммебель,TC ящик выдвижной малый TCF 42x45,S30599023146
Проммебель,TC ящик выдвижной большой TCF 87x45,S30599023246
Проммебель,TC экран перфорированный TCS 50x43,S30599025107
Проммебель,TC ящик выдвижной TCF 39x45,S30599023346
Проммебель,Шкаф балконный 0806,S30599033702
Проммебель,Шкаф балконный 0810,S30599034602
Проммебель,Шкаф балконный 1806,S30599043702
Проммебель,Шкаф балконный 2010,S30599044602
Проммебель,Корпус шкафа HARD 2000 ,S30599660346
Проммебель,Рама HARD 2000,S30599661346
Проммебель,Полка HARD,S30599663146
Проммебель,Ящик HARD 125 ,S30599664246
Проммебель,Ящик HARD 265 ,S30599664346
Проммебель,Экран к шкафу HARD (перф.),S30599665146
Проммебель,Шкаф AMH TC,S30699015046
Проммебель,Полка AMH TC,S30699022202
Проммебель,Полка сетчатая ШС Циклон 1985,S30799001002
Проммебель,Полка проволочная ШС 1940/1985,S30799003002
Проммебель,Комплект ШС 1940( полки/стойка/перекладина),S30799004002
Проммебель,Шкаф сушильный ШС Циклон 1965,S30799011002
Проммебель,Шкаф сушильный ШС Циклон 1985,S30799015002
Проммебель,Шкаф сушильный ШС Ветерок 1940 (Без полок),S30799021002
Проммебель,Шкаф сушильный ШС Сахара 5,S30799035002
Проммебель,Шкаф сушильный ШС Сахара 8,S30799038002
Проммебель,Стойка сушильная Норд 16,S30799051002
Проммебель,Стойка сушильная Норд 20,S30799052002
Проммебель,Замок почтовый,S31199000100
Проммебель,Шкаф для газового баллона G-01,S31199010102
Проммебель,Почтовый ящик PB-4C.KL (PB-4),S31199014002
Проммебель,Почтовый ящик PB-5C.KL (PB-5),S31199015002
Проммебель,Почтовый ящик PB-6C.KL (PB-6),S31199016002
Проммебель,Почтовый ящик PB-8C.KL (PB-8),S31199018002
Проммебель,Почтовый ящик PB-4C.KL BW,S31199024002
Проммебель,Почтовый ящик PB-6C.KL BW,S31199026002
Стеллажи,Стеллаж PROMO MS Pro 30/40x15/1,S31299000258
Стеллажи,Комплект стоек Profi 200,S31299004058
Стеллажи,Комплект стоек Profi 250,S31299006058
Стеллажи,Комплект стоек Profi 300 ,S31299008058
Стеллажи,Комплект стоек Expert 200 ,S31299014058
Стеллажи,Комплект стоек Expert 250 ,S31299016058
Стеллажи,Рама Profi MS 200х40,S31299004258
Стеллажи,Рама Profi MS 200х50,S31299004358
Стеллажи,Рама Profi MS 200х60,S31299004458
Стеллажи,Рама Profi MS 200х80,S31299004658
Стеллажи,Рама Profi MS 200х100,S31299004858
Стеллажи,Рама Profi MS 250х40,S31299006258
Стеллажи,Рама Profi MS 250х50,S31299006358
Стеллажи,Рама Profi MS 250х60,S31299006458
Стеллажи,Рама Profi MS 250х80,S31299006658
Стеллажи,Рама Profi MS 250х100,S31299006858
Стеллажи,Рама Profi MS 300х40,S31299008258
Стеллажи,Рама Profi MS 300х50,S31299008358
Стеллажи,Рама Profi MS 300х60,S31299008458
Стеллажи,Рама Profi MS 300х80,S31299008658
Стеллажи,Рама Profi MS 300х100,S31299008858
Стеллажи,Рама MS Pro 200х40 (Expert),S31299014258
Стеллажи,Рама MS Pro 200х50 (Expert),S31299014358
Стеллажи,Рама MS Pro 200х60 (Expert),S31299014458
Стеллажи,Рама MS Pro 200х80 (Expert),S31299014658
Стеллажи,Рама MS Pro 200х100 (Expert),S31299014858
Стеллажи,Рама MS Pro 250х40 (Expert),S31299016258
Стеллажи,Рама MS Pro 250х50 (Expert),S31299016358
Стеллажи,Рама MS Pro 250х60 (Expert),S31299016458
Стеллажи,Рама MS Pro 250х80 (Expert),S31299016658
Стеллажи,Рама MS Pro 250х100 (Expert),S31299016858
Стеллажи,Рама MS Pro 300х50 (Expert),S31299018358
Стеллажи,Рама MS Pro 300х60 (Expert),S31299018458
Стеллажи,Рама MS Pro 300х100 (Expert),S31299018858
Стеллажи,Комплект связей MS Pro 200x40,S31299024258
Стеллажи,Комплект связей MS Pro 200x50,S31299024358
Стеллажи,Комплект связей MS Pro 200x60,S31299024458
Стеллажи,Комплект связей MS Pro 200x80,S31299024658
Стеллажи,Комплект связей MS Pro 200x100,S31299024858
Стеллажи,Комплект связей MS Pro 250x40,S31299026258
Стеллажи,Комплект связей MS Pro 250x50,S31299026358
Стеллажи,Комплект связей MS Pro 250x60,S31299026458
Стеллажи,Комплект связей MS Pro 250x80,S31299026658
Стеллажи,Комплект связей MS Pro 250x100,S31299026858
Стеллажи,Комплект связей MS Pro 300x40,S31299028258
Стеллажи,Комплект связей MS Pro 300x50,S31299028358
Стеллажи,Комплект связей MS Pro 300x60,S31299028458
Стеллажи,Комплект связей MS Pro 300x100,S31299028858
Стеллажи,Балка MS Pro 90,S31299040102
Стеллажи,Балка MS Pro 100,S31299040302
Стеллажи,Балка MS Pro 120,S31299040202
Стеллажи,Балка MS Pro 150,S31299040402
Стеллажи,Балка MS Pro 180,S31299040602
Стеллажи,Балка MS Pro 210,S31299040802
Стеллажи,Балка MS Pro 90 Z,S31299050102
Стеллажи,Балка MS Pro 120 Z,S31299050202
Стеллажи,Балка MS Pro 150 Z,S31299050402
Стеллажи,Балка MS Pro 180 Z,S31299050602
Стеллажи,Балка MS Pro 210 Z,S31299050802
Стеллажи,Балка MS Pro 240 Z,S31299050702
Стеллажи,Балка MS Pro 270 Z,S31299050902
Стеллажи,Стяжка балок MS Pro 40,S31299060258
Стеллажи,Стяжка балок MS Pro 50,S31299060358
Стеллажи,Стяжка балок MS Pro 60,S31299060458
Стеллажи,Стяжка балок MS Pro 80,S31299060658
Стеллажи,Стяжка балок MS Pro 100,S31299060858
Стеллажи,Стяжка балок MS Pro 40 Z,S31299060058
Стеллажи,Стяжка балок MS Pro 60 Z,S31299060558
Стеллажи,Стяжка балок MS Pro 80 Z,S31299060758
Стеллажи,Стяжка балок MS Pro 100 Z,S31299060958
Стеллажи,Стяжка балок MS Pro 50 Z,S31299060158
Стеллажи,Фиксатор балки MS Pro,S31299090158
Стеллажи,Анкер клиновой 10х100 мм,S31299090658
Стеллажи,Полка яруса MS Pro 40х30,S31299103058
Стеллажи,Полка яруса MS Pro 50х30,S31299103158
Стеллажи,Полка яруса MS Pro 60х30,S31299103258
Стеллажи,Полка яруса MS Pro 80х30,S31299103458
Стеллажи,Полка яруса MS Pro 100х30,S31299103658
Стеллажи,Полка яруса MS Pro 40х15 Z,S31299201058
Стеллажи,Полка яруса MS Pro 50х15 Z,S31299201158
Стеллажи,Полка яруса MS Pro 60х15 Z,S31299201258
Стеллажи,Полка яруса MS Pro 80х15 Z,S31299201458
Стеллажи,Полка яруса MS Pro 100х15 Z,S31299201658
Стеллажи,Стеллаж MS Pro 1200/1353x606 стационарный для хранения 8 шин,S31399031258
Стеллажи,Стеллаж MS Pro 1350/781x606 передвижной для хранения 4 шин,S31399231258
Мебель,Тумба офисная NP-304 FL,S25699112012
Мебель,Тумба офисная NP-404 FL,S25699152012
Мебель,Тумба офисная NP-404 L3,S25699153012
Мебель,Тумба офисная NP-405 FL2,S25699163012
Мебель,Тумба офисная NP-406 FL2,S25699173012
Корпусная мебель,Тумба офисная NPW-406 L3 вяз натуральный/бежевый,S36099405137
Корпусная мебель,Опора NT 70 (2 шт) антрацит,S37199030015
Корпусная мебель,Опора NT 70 (2 шт) серый,S37199030002
Корпусная мебель,Траверса NT 120 (2 шт) антрацит,S37299001215
Корпусная мебель,Траверса NT 120 (2 шт) серый,S37299001202
Корпусная мебель,Траверса NT 140 (2 шт) серый,S37299001402
Корпусная мебель,Шкаф NW 0880S открытый вяз натуральный/бежевый,S35599200837
Корпусная мебель,Шкаф NW 1280S открытый вяз натуральный/бежевый,S35599201237
Корпусная мебель,Шкаф NW 2080S открытый вяз натуральный/бежевый,S35599202037
Корпусная мебель,Шкаф NW 2080S гардеробный открытый вяз натуральный/бежевый,S35599222037
Корпусная мебель,Комплект дверей NW 80 вяз натуральный (2 шт),S35599250832
Корпусная мебель,Комплект дверей NW 200 вяз натуральный (2 шт),S35599252032
Корпусная мебель,Комплект дверей NW 120G матовый в раме (2 шт),S35599271202
Корпусная мебель,Шкаф для раздевалок WLZ 21-40 EL голубой/белый,S35599604038
Корпусная мебель,Шкаф для раздевалок WL 11-30 голубой/белый,S35599615338
Корпусная мебель,Шкаф для раздевалок WL 14-30 голубой/белый,S35599645338
Корпусная мебель,Корпус шкафа NWT 1214 бежевый,S35899661435
Корпусная мебель,Комплект дверей NWT 1214 вяз натуральный (2 шт),S35999661432
Корпусная мебель,Топ NWT 14 вяз натуральный,S39299001432
Корпусная мебель,Траверса NT 120 (2 шт) антрацит old,S37299020215
Корпусная мебель,Панель защитная NT 120W вяз натуральный old,S37999162132
Корпусная мебель,Траверса NT 120 (2 шт) серый old,S37299020202
Корпусная мебель,Опора NT 70 (2 шт) антрацит old,S37199013115
Корпусная мебель,Траверса NT 140 (2 шт) антрацит old,S37299020415
Корпусная мебель,Опора NT 70 (2 шт) серый old,S37199013102
Корпусная мебель,Панель защитная NT 140W вяз натуральный old,S37999162232
Корпусная мебель,Столешница NT 120х70х25 вяз натуральный old,S37599032132
Корпусная мебель,Стол NT 120x70 белое дерево/антрацит old,S35099213115
Корпусная мебель,Стол NT 140x70 белое дерево/антрацит old,S35099223115
Корпусная мебель,Столешница NT 140х70х25 вяз натуральный old,S37599032232
Корпусная мебель,Комплект полок CombiK 80х20 вяз натуральный (2 шт),S37699520832
Корпусная мебель,Комплект полок CombiK 100х32 вяз натуральный (2 шт),S37699531032
Корпусная мебель,Комплект полок CombiK 80х20 вяз натуральный (3 шт),S37699540832
Корпусная мебель,Комплект полок CombiK 100х32 вяз натуральный (3 шт),S37699561032
Корпусная мебель,Комплект рам CombiK M 668x200 (2 шт),S71199120202
Корпусная мебель,Комплект рам CombiK L 905x200 (2 шт),S71199130202
Корпусная мебель,Комплект рам CombiK L 905x320 (2 шт),S71199130302
Корпусная мебель,Комплект рам CombiK XL 1500x320 (2 шт),S71199150302
Корпусная мебель,Комплект рам CombiK XXL 2210x320 (2 шт),S71199180302
Корпусная мебель,Стол палатный MF TH-85.16S голубой,S39199100107
Корпусная мебель,Стол палатный MF TH-85.16S белое дерево,S39199100185
Корпусная мебель,Тумба для палат MF NH-2 белая,S39099100301
Корпусная мебель,Тумба для палат MF NH-2 голубая,S39099100307
Корпусная мебель,Тумба для палат MF NH-2 белое дерево,S39099100385
Корпусная мебель,Шкаф для палат MF LH-2 1880 белый,S39399101401
Корпусная мебель,Шкаф для палат MF LH-2 1980 голубой,S39399101507
Корпусная мебель,Шкаф для палат MF LH-2 1980 белое дерево,S39399101585
Корпусная мебель,Кресло руководителя Deco ткань-сетка черная,S3650202090415
Корпусная мебель,Кресло Bond экокожа бежевая,S3650213050213
Корпусная мебель,Кресло Bond экокожа черная,S3650212050215
Корпусная мебель,Кресло Trio Black ткань черная,S3650203050515
Корпусная мебель,Кресло Opera M ткань-сетка,S3650214070415
Запчасти,Замок Mauer 71111 L 120 с 3-мя ключами,S50102060210
Запчасти,Замок Mauer 74046/0176 L65мм,W030201000057
Запчасти,Замок BSD L60,S50105010300
Запчасти,Замок  BSD L70,S50105010500
Запчасти,Замок  BST L80,S50105010600
Запчасти,Замок ключевой BSD L55,S50105010700
Запчасти,Замок кл. BSD L42 прав.,S50105011000
Запчасти,Замок кл. BSD L42 лев.,S50105011100
Запчасти,Блок смены кода BST ELB/EL 2002,S50105211000
Запчасти,Соленоид к замку BST ELB/EL 2002,S50105381000
Запчасти,Полка для BS 1000,S50105430700
Запчасти,Полка для BS 1200,S50105430800
Запчасти,Полка для BS 1400,S50105430900
Запчасти,Полка для BS 1700,S50105431000
Запчасти,Полка для BS 1750,S50105431100
Запчасти,Плата к замку BST EL/ELB 2006,S50105520000
Запчасти,Ручка дверная к сейфам Топаз BSD/T-2006,S50105621200
Запчасти,Колёсико для сейфа мод.670-1750,S50105640100
Запчасти,Замок аварийного открытия SJ143 к сейфам Т,S50192011000
Запчасти,Замок Cyber Locks FRS 670-900 (лев),S50199012100
Запчасти,Замок Euro-Lock 2403,S50199013000
Запчасти,Замок сув. типа ПРО-САМ (80609),W030201000042
Запчасти,Кодовый замок ASM CL,S50199110100
Запчасти,"Замок электр. MAUER Combi-K (ASM,ASK)",S50199315000
Запчасти,Наборная клавиатура к замку Mauer Combi K (ASM),S50199315500
Запчасти,Накладка на замок ПРО САМ,S50199941000
Запчасти,Замок к картотеке FCB-4 (ВА3),S50203011000
Запчасти,Фурнитура к картотеке А-44,S50299860400
Запчасти,Замок к  AMT Royalox R1100,S50399014000
Запчасти,Кронштейн для полки BBS,S50399472000
Запчасти,Ось петли пластиковая (РА6),S50399830000
Запчасти,Ось пластиковая для локеров LE,S50399832000
Запчасти,Фурнитура АМ 0891,S50399861100
Запчасти,Фурнитура к AM 2091  372339,S5Z20910110000
Запчасти,Фурнитура АМ 1891   372338,S50399864600
Запчасти,Фурнитура AM 1845 с замком   372340,S50399864700
Запчасти,Фурнитура к шкафу АМ 1845/4   372341,S50399864800
Запчасти,Фурнитура к шкафу СВ-12,S50399865600
Запчасти,Фурнитура к шкафу СВ-14,S50399865700
Запчасти,Фурнитура М-18   372336,S50399866100
Запчасти,Фурнитура к шкафу LS-22,S50399867300
Запчасти,Фурнитура к шкафу LS 41   318281,S50399867600
Запчасти,Фурнитура к шкафу LS-24,S50399867700
Запчасти,Замок Euro-Lock 4205 (аналог 0805),S50499012100
Запчасти,Замок Euro-Lock B455,S50499102000
Запчасти,Фурнитура шкафа LE-21-80,S50499860110
Запчасти,Замок ключевой (электро-механический) к темпокассе TCS-110,S51399010000
Запчасти,Клавиатура накладная к замку PS 300 (Е-01),S51399020500
Запчасти,Замок электронный PS 300 без тяг,S53199020000
Запчасти,Замок электронный PS 300 3-х стороннее запирание,S53199020100
Запчасти,Замок PS-100,S53299201000
Запчасти,Замок PS-100/2   (PLS-3.2),S53299201001
Запчасти,Замок электронный PS-310 3-х стороннее запирание,S53299203100
Запчасти,Клавиатура накладная к замку PS 300 (Е-31),S533992110011
Запчасти,Замок электронный  LaGard 3765,S5P40702010899
Запчасти,Наборная клавиатура  3710 (хром) к замку  LaGard 3765 (хром),S5P40702071299
Запчасти,Соленоид к эл. замку PLS-1,S5P40702072389
Запчасти,Корпус к эл. замку PLS-1,S5P40702072489
Запчасти,Корпус замка с клав. к эл.замку PLS ,S5P40702072499
Запчасти,Плата и соленоид к эл. замку PLS ,S5P40702092399
Запчасти,Комплект направляющих 400мм для WDS,S5Z00600000000
Запчасти,FRS 11 Плата соленоида YD-U837-043,S5Z03010300059
Запчасти,FRS 11 Кольцо под ручку,S5Z03010300490
Запчасти,FRS 11 Клавиатура силиконовая,W030103046
Запчасти,Соленоид YD-U837-043 для FRS,S5Z03010305700
Запчасти,Замок врезной Apecs Premier T-52-CR,S5Z03020103700
Запчасти,Замок врезной Apecs Premier T-57CR,S5Z03020103800
Запчасти,Замок-ручка 556-91 к шкафу СВ - 14,S5Z03020202600
Запчасти,Замок С 979,W030202045
Запчасти,Замок С 983,W030202047
Запчасти,Замок С 981,S5Z03020204800
Запчасти,Замок С 980,W030202044
Запчасти,Замок врезной ГАРДИАН 12.11,S5Z03070200001
Запчасти,Замок врезной ГАРДИАН 10.01,S5Z03070200002
Запчасти,Фурнитура AFC-04 (без замка),S5Z04100000000
Запчасти,Пластина декоративная на дверь для GARANT ЕВРО 165Т,S5Z05041020130
Запчасти,Клипса к шкафу АМТ (2008),S5z06001028000
Запчасти,Цилиндровый механизм FUARO R602 60 mm (25+10+25) СР хром 5 кл. ПЕРФ,S5Z07050200051
Запчасти,Цилиндровый механизм FUARO R602 60 mm (25+10+25) ВВР латунь 5 кл. ПЕРФ,S5Z07050200070
Запчасти,Замок врезной Apecs 2000-ZN противопожарный,S5Z07050200300
Запчасти,Замок 76301 ЗВ8-8У/13 без накладок и крепежа,S5Z07050202400
Запчасти,Поворотник BKW8 RM-CP-8 хром,S5Z07050202600
Запчасти,Замок 87301 ЗВ9-8Г/15(КЛП2-88)ЛП6 (87309),S5Z07050202700
Запчасти,Замок 87303 ЗB1-8Г/ЛП4 (87304),S5Z07050202800
Запчасти,Фурнитура к АМТ 1812   422775,S5Z18133000000
Запчасти,Ригельная пара к М-18   326631,S5Z18910101000
Запчасти,Фурнитура к шкафу АМТ 1891   422777,S5Z18913100000
Запчасти,Упаковка для шкафа СВ-11,S5Z20361У10000
Запчасти,Упаковка для шкафа АМ 2091,S5Z2091У100000
Запчасти,ЗАМОК PS-600,S5Z70050000000
Запчасти,Замок ключевой Cyber Lock CL 1/3 B201Q с защёлкой (локер),W030202025
Медмебель,Матрац медицинский беспружинный с водонепроницаемым чехлом НПВ 8242,S26599102202
Медмебель,Матрац медицинский беспружинный с водонепроницаемым чехлом НПВ 8245,S26599102902
Медмебель,Матрац медицинский беспружинный 2-х секционный с наполнителем ППУ НПВ 2513,S26599102502
Медмебель,"Ширма медицинская ШМ-01П-""МСГ"" передвижная",S26299010601
Медмебель,Штатив медицинский для внутривенных вливаний тип М192,S26299010501
Медмебель,"Штатив для длительных вливаний передвижной ШДВ-03-""МСГ""",S26299010701
Медмебель,Трансфузионная стойка тип 1 (ММ-100),S26299010801
Стеллажи,(МА) Короб мобильного основания 500,S24499010502
Стеллажи,(МА) Короб мобильного основания 600,S24499010602
Стеллажи,(МА) Короб стационарного основания 250,S24499011202
Стеллажи,(МА) Короб стационарного основания 300,S24499011302
Стеллажи,(МА) Короб стационарного основания 500,S24499011502
Стеллажи,(МА) Короб стационарного основания 600,S24499011602
Стеллажи,(МА) Комплект балок мобильного основания 700,S24499030202
Стеллажи,(МА) Комплект балок мобильного основания 1000,S24499030402
Стеллажи,(МА) Комплект балок мобильного основания 1200,S24499030602
Стеллажи,(МА) Вал мобильного основания 700,S24499050200
Стеллажи,(МА) Вал мобильного основания 1000,S24499050400
Стеллажи,(МА) Вал мобильного основания 1200,S24499050600
Стеллажи,(МА) Полка нижняя 700х260,S24499072202
Стеллажи,(МА) Полка нижняя 700x310,S24499072302
Стеллажи,(МА) Полка нижняя 1000х260,S24499074202
Стеллажи,(МА) Полка нижняя 1000х310,S24499074302
Стеллажи,(МА) Полка нижняя 1200x260,S24499076202
Стеллажи,(МА) Полка нижняя 1200х310,S24499076302
Стеллажи,(МА) Комплект роликов для мобильного основания,S24499090000
Стеллажи,(МА) Привод мобильного основания,S24499110000
Стеллажи,(МА) Штурвал мягкий (д. 390),S24499110109
Стеллажи,(МА) Комплект усиленного натяжителя цепи 600,S24499110658
Стеллажи,(МА) Цепь для привода 500,S24499130500
Стеллажи,(МА) Цепь для привода 400/500/600,S24499130600
Стеллажи,(МА) Стойка 1902х250,S24499155102
Стеллажи,(МА) Стойка 2282x250,S24499155202
Стеллажи,(МА) Стойка 1902х300,S24499157102
Стеллажи,(МА) Стойка 2282х300,S24499157202
Стеллажи,(МА) Стойка 2660x300,S24499157302
Стеллажи,(МА) Стойка 2282x400,S24499159202
Стеллажи,(МА) Клипс,S24499170000
Стеллажи,(МА) Полка 700x250,S24499172202
Стеллажи,(МА) Полка 700x300,S24499172302
Стеллажи,(МА) Полка 1000х250,S24499174202
Стеллажи,(МА) Полка 1000х300,S24499174302
Стеллажи,(МА) Полка 1000x400,S24499174402
Стеллажи,(МА) Полка 1200x250,S24499176202
Стеллажи,(МА) Полка 1200х300,S24499176302
Стеллажи,(МА) Полка 1200x400,S24499176402
Стеллажи,(МА) Лицевая панель (мобильного стеллажа) 1970х500,S24499193502
Стеллажи,(МА) Лицевая панель (мобильного стеллажа) 1970х600,S24499193602
Стеллажи,(МА) Лицевая панель (мобильного стеллажа) 2350x500,S24499195502
Стеллажи,(МА) Лицевая панель (мобильного стеллажа) 2350х600,S24499195602
Стеллажи,(МА) Лицевая панель (стационарного стеллажа) 1970х300,S24499213302
Стеллажи,(МА) Лицевая панель (стационарного стеллажа) 1970x600,S24499213602
Стеллажи,(МА) Лицевая панель (стационарного стеллажа) 2350х300,S24499215302
Стеллажи,(МА) Лицевая панель (стационарного стеллажа) 2350x800,S24499215802
Стеллажи,(МА) Комплект стяжек 700,S24499230202
Стеллажи,(МА) Комплект стяжек 1200,S24499230602
Стеллажи,(МА) Комплект стяжек 1000,S24499230402
Стеллажи,(МА) Рельс без фальшпола 2м.,S24499250112
Стеллажи,(МА) Рельс с фальшполом 2м.,S24499250212
Стеллажи,(МА) Плинтус для фальшпола 2м.,S24499270212
Стеллажи,(МА) Панель фальшпола 597х955,S24499292412
Стеллажи,(МА) Разделитель межполочный 1000,S24499330402
Стеллажи,(МА) Разделитель межполочный 1200,S24499330602
Стеллажи,(МА) Межполочная стенка 350x700,S24499370202
Стеллажи,(МА) Межполочная стенка 350x1000,S24499370402
Стеллажи,(МА) Межполочная стенка 350x1200,S24499370602
Стеллажи,(МА) Комплект дверей стеллажа 2395x1000,S24499384402
Стеллажи,(МА) Комплект дверей стеллажа 2395x1200,S24499384602
Стеллажи,(МАЭ) Привод с лицевой панелью 600,S24499400602
Стеллажи,(МАЭ) Основание 600х1000,S24499424602
Стеллажи,(МАЭ) Комплект стенок боковых 600х2000,S24499446302
Стеллажи,(МАЭ) Короб 600,S24499460602
Стеллажи,(МА) Рамка держатель на магните,S24499500099
Стеллажи,(МА) Подпятник 250,S24499520202
Стеллажи,(МА) Подпятник 400,S24499520402
Запчасти,Краска антик серебро 0.5 кг,W020103000030
Запчасти,Клавиатура к эл.замку PLS-1,W030101005
Запчасти,"Замок электр. MAUER Combi-K (ASM,ASK) 82021",W030102001
Запчасти,Клавиатура AIKO PS-100 (PLS-3),W030103000105
Запчасти,Плата замка PS100 (Электронный модуль PS100),W030103000146
Запчасти,Корпус к эл. замку PLS-1,W030103012
Запчасти,Плата к эл. замку PLS-1,W030103018
Запчасти,FRS 11 Рама малая,W030103052
Запчасти,"Замок (73147, 73151) 3С-8.1/12(КЛ8-64) (аналог 74046)",W030201000067
Запчасти,Замок Мauer 71111 L 90,W030201001
Запчасти,Замок Мauer 71111 L 120 с 2-мя ключами,W030201002
Запчасти,Замок накладной С409-507 для серии Т (3Н4-6/12),W030201021
Запчасти,Замок аварийного открытия SJ143 к сейфам Т (PLS-1),W030202010
Запчасти,Замок ключевой Cyber Lock CL 1/3 B201Q (картотека),W030202017
Запчасти,Замок ключевой Cyber Lock CL 1/3 B607X (аналог В455),W030202026
Запчасти,Замок-ручка 556-91 к шкафу СВ - 14,W030503000015
Комплектующие,Замок сувальдный STADT К257,W030701000002
Комплектующие,Замок Гардиан 60.01 ИНТЕР 4 кл. Сув,W030701000005
Запчасти,Замок сувальдный Гардиан 30.01,W030701000008
Комплектующие,Замок врезной ГАРДИАН 12.11,W030702000001
Комплектующие,Замок врезной ГАРДИАН 10.01,W030702000002
Комплектующие,Замок Гардиан 62.11 ИНТЕР без цилиндра,W030702000013
Комплектующие,Цилиндровый механизм с вертушкой Z402/80 mm (30+10+40) CP хром 5 кл.,W030704000020
Комплектующие,Цилиндровый механизм с вертушкой Z402/90 mm (35+10+45) CP хром 5 кл.,W030704000031
Запчасти,Цилиндровый механизм FUARO R602/90 mm (45х10х35)  СР хром 5 кл. ПЕРФ,W030704000040
Запчасти,Цилиндровый механизм с вертушкой 100 ZМ 60 mm (25+10+25) CP хром 5 кл.,W030704000041
Запчасти,"Цилиндр 90мм (35х10х45) ключ-вертушка, 5 ключей STADT",W030704000043
Комплектующие,Цилиндровый механизм с вертушкой A202/60 mm (25+10+25) SN мат. никель 5 кл.,W030704000044
Комплектующие,Цилиндровый механизм с вертушкой Z402/90 mm (40+10+40) CP хром 5 кл.,W030704000045
Запчасти,Цилиндровый механизм 100 ZA 60 mm (25+10+25) CP хром 5 кл,W030704000048
Двери,Цилиндровый механизм со штоком Z407/85 mm (50+10+25) CP хром 5 кл.,W030704000070
Запчасти,Комплект направляющих 400мм для WDS,W070101000026
Запчасти,Комплект направляющих ящика картотеки 450мм,W070101003_1
Запчасти,Комплект направляющих ящика картотеки AFC 600 мм,W070101004
Запчасти,Ось петли пластиковая (РА6),W070105024
Запчасти,Замок врезной ГАРДИАН-3011 (б/р),W070107063
Комплектующие,Накладка декоративная Apecs DP-C-01-CR,W070107068
Комплектующие,Накладка декоративная Apecs DP-S-01-CR,W070107069
Запчасти,Накладка декоративная Apecs DP-S-01-CR-shutter,W070107070
Запчасти,Ось пластиковая для локеров LE,W070203033
Запчасти,Темпо. Соленоид YD-C837-063,W070308000005
Комплектующие,Ручка Н-181S,W070501000059
Комплектующие,Ручка H-205R,W070501000060
Запчасти,Цилиндровый механизм с вертушкой А202/80мм (35+10+35) SN мат.никель 5кл.,W0705020000248
Запчасти,Ручка-штанга нажимная Apecs PB-1300A-Panic-B/S,W070502000058
Двери,Поворотник Apecs TT-0803-8-CR,W070502000080
Комплектующие,Замок 78925 ЗВ4-31/55.РФ14-027.У4,W070502000087
Комплектующие,"Ручка дверная противопожарная FUARO DН-0433 NE с пружиной (для замка FL-0432, 0433, 0434)",W070502000090
Комплектующие,Замок противопожарный FUARO FL -0432,W070502000116
Двери,Поворотник BKW8 AR-CP-8,W07050200013
Запчасти,Квадрат 8х8х130,W070502000198
Комплектующие,Цилиндровый механизм с вертушкой A202/80 mm (35+10+35) SN мат. никель 5 кл.,W070502000248
Комплектующие,Броненакладка БН-26L хл с ответной частью,W070502000271
Комплектующие,"Глазок DVZ3, 16/200/50x90 (оптика пластик, угол обзора 200) CP Хром",W070502000281
Запчасти,"Глазок 16/200/70х130 DVZ4 (оптика пластик, угол обзора 200) СР хром",W070502000356
Двери,Доводчик дверной SD-2040 AL 55-80 кг (алюминий),W070502000363
Двери,"Доводчик дверной морозостойкий 3S мал (до 80 кг), коричневый",W070502000366
Двери,"Глазок дверной DVP1/NEW, 16/140/35x60 (оптика пластик) CP Хром",W070502000369
Запчасти,Ручка раздельная LOGICA TL SN/CP-3,W070502000386
Запчасти,Задвижка с нержавеющей планкой под 8 квадрат 1453.00.00.00 (65мм),W070502000408
Запчасти,Замок врезной Avers 2000-ZN противопожарный,W070502003_1
Комплектующие,Ручка дверная/белый никель/26D,W070502008
Комплектующие,Ручка дверная/белый никель/26 D,W070502008_2
Запчасти,Замок Euro-Lock 4205 (аналог 0805)   326627,W150709047
Двери,"Доводчик дверной морозостойкий 3S мал (до 80 кг), серебро",4.61E+12
Двери,Комплект ручек  H-181R (2 шт.),Z81246300000
Двери,Замок врезной сувальдный Kale 257L,Z84014175000
Двери,Замок Apecs 2000-Panic-ZN (противопожарный),Z85101152000
Двери,Цилиндровый механизм,Z85101200000
Двери,Фурнитура 13,Z85101600000
Двери,Стекло,Z85105012111
Двери,Ручка замка 78918 Просам 3В4-31/55. РФ 14-027.У4,Z87002300000
Двери,Цилиндровый механизм Нора-М 30+10+30 мм,Z87008201000
Двери,Цилиндровый механизм 100 ZA 70 mm (30+10+30) CP хром 5 кл.,Z87008204000
Двери,Ручка замка,Z87008300000
Двери,Глазок дверной Fuaro DVZ1 16/200/35х60 оптика пластик,Z87008350000
Двери,Замок цилиндровый Гардиан 32.11,Z87011150000
Двери,Замок врезной ГАРДИАН 12.11,Z87012150000
Двери,"Заклепка 3.2х10, вытяжная, алюминий-сталь, полукруглая голова",Z87108700000
Двери,Замок 87301 ЗВ9-8Г/15(КСП2-88)ЛП6,Z87134175000
Двери,Комплект накладок ANTERA прямоугольных цилиндровых (2 шт),Z87138701000
Двери,Замок Stadt 257 Сувальдный,Z87202175000
Двери,Дверь ДП-1-60-1950/850/R,D410220102202102000000000
Двери,Дверь ДП-1-60-2000/1000/L,D410221703102101000000000
Двери,Дверь ДП-1-60-2000/1000/R,D410221703202101000000000
Двери,Дверь ДП-1-60-2050/1000/L,D410221704102102000000000
Двери,Дверь ДП-1-60-2100/1000/L,D410221705102102000000000
Двери,Дверь ДП-1-60-2100/1000/R,D410221705202102000000000
Двери,Дверь ДТ-1-1550/950/L,D400260319102102000000000
Двери,Дверь ДТ-1-1550/950/R,D400260319202102000000000
Двери,Дверь ДТ-1-1750/950/R,D400260316202102000000000
Двери,Дверь ДТ-1-2050/850/L,D400260104102002000000000
Двери,Дверь ДТ-1-2050/950/L,D400260304102002000000000
Двери,Дверь ДТ-1-2050/950/R,D400260304202102000000000
Двери,Дверь ДТ-1-2100/900/R,D400262105202102000000000
Двери,Дверь ДТ-1-2100/1000/L,D400261705102102000000000
Двери,Дверь ДТ-1-2100/1000/R,D400261705202102000000000
Двери,Дверь ДТ-2-2050/1350/R,D400280704202102000100000
Двери,Дверь ДТ-2-2100/1300/R,D400280605202102000100000
